Filename,Primary company/entity or subject,Category,Approximate length,Completion status,Confidence entire document scanned
Bubble_Lab_Digest.html,Bubble Lab,Company/product digest,199 words (27.3 KB),Complete file accessible; full-text/structure scanned,High (100% file bytes parsed; rapid systematic text/structure scan)
Bubble_Lab_Jan_Digest_We_are_in_YC.html,Bubble Lab,Company/product digest,212 words (8.4 KB),Complete file accessible; full-text/structure scanned,High (100% file bytes parsed; rapid systematic text/structure scan)
Daily_Healthcare_Market_Intelligence_Report_-_India_-_2026-03-01.md,India healthcare market; multiple companies/topics (no single company case study),Daily healthcare market intelligence,"1,116 words (8.5 KB)",Complete file accessible; full-text/structure scanned,High (100% file bytes parsed; rapid systematic text/structure scan)
Daily_Indian_Healthcare_Startup_Opportunity_Report.md,1. Executive Summary,Daily startup-opportunity brief,"1,019 words (7.8 KB)",Complete file accessible; full-text/structure scanned,High (100% file bytes parsed; rapid systematic text/structure scan)
Fwd_Daily_Indian_Healthcare_Startup_Opportunity_Report.md,**1. Executive Summary**,Daily startup-opportunity brief,"1,042 words (7.8 KB)",Complete file accessible; full-text/structure scanned,High (100% file bytes parsed; rapid systematic text/structure scan)
Fwd_ELITE_Healthcare_Intelligence_Report_17_Roles_146_Data_Points_Analyzed.html,17 hospital workforce roles and patient/system layer (no single company case study),Healthcare workforce/system intelligence,"3,974 words (48.8 KB)",Complete file accessible; full-text/structure scanned,High (100% file bytes parsed; rapid systematic text/structure scan)
Healthcare_Founder_Blueprints_2026-03-18_3_Ideas_Score_88_85_91.html,1) ClearClaim AI; 2) Prava AI; 3) Lumina Triage,Founder blueprint (three proposed AI-first ventures),"3,368 words (47.9 KB)",Complete file accessible; full-text/structure scanned,High (100% file bytes parsed; rapid systematic text/structure scan)
Healthcare_Founder_Blueprints_2026-03-19_3_Ideas_Score_88_85_82.html,1) ClaimGuard AI: Automated Medical Debt Restructuring & Billing Auditor; 2) TriageEdge: Offline-First AI Clinical Co-Pilot for Understaffed PHCs; 3) SupplyNode AI: Predictive Procurement Network for Essential Medicines,Founder blueprint (three proposed AI-first ventures),"3,860 words (51.6 KB)",Complete file accessible; full-text/structure scanned,High (100% file bytes parsed; rapid systematic text/structure scan)
Healthcare_Founder_Blueprints_2026-03-27_3_Ideas_Score_88_85_82.html,1) ClaimArmor AI; 2) FlowState Health; 3) OmniContext AI,Founder blueprint (three proposed AI-first ventures),"3,776 words (50.4 KB)",Complete file accessible; full-text/structure scanned,High (100% file bytes parsed; rapid systematic text/structure scan)
Healthcare_Founder_Blueprints_2026-03-28_3_Ideas_Score_88_85_82.html,1) Aegis RCM: Autonomous AI Appeals Engine; 2) Sentinel Triage: Continuous ED Monitoring; 3) ClearClaim: AI-Driven Bill Unbundling & Advocacy,Founder blueprint (three proposed AI-first ventures),"3,620 words (49.2 KB)",Complete file accessible; full-text/structure scanned,High (100% file bytes parsed; rapid systematic text/structure scan)
Healthcare_Founder_Blueprints_2026-03-29_3_Ideas_Score_88_85_91.html,1) ClearAuth AI; 2) FlowTriage AI; 3) ShieldScribe AI,Founder blueprint (three proposed AI-first ventures),"3,516 words (49.1 KB)",Complete file accessible; full-text/structure scanned,High (100% file bytes parsed; rapid systematic text/structure scan)
Healthcare_Founder_Blueprints_2026-03-30_3_Ideas_Score_92_84_81.html,1) ClaimAI: Automated Patient Advocacy & Denial Appeals; 2) TriageFlow: Predictive ER Routing & Capacity Optimization; 3) VanguardRx: AI Copilot & Verification for Informal Pharmacies,Founder blueprint (three proposed AI-first ventures),"3,976 words (52.3 KB)",Complete file accessible; full-text/structure scanned,High (100% file bytes parsed; rapid systematic text/structure scan)
Healthcare_Founder_Blueprints_2026-03-31_3_Ideas_Score_92_88_85.html,1) ClaimDefend AI: Autonomous Pre-Submission Denial Prevention; 2) CareBridge: Automated Public-to-Private Waitlist Routing; 3) OmniTriage: Low-Bandwidth Clinical Copilot for Emerging Markets,Founder blueprint (three proposed AI-first ventures),"3,716 words (50.2 KB)",Complete file accessible; full-text/structure scanned,High (100% file bytes parsed; rapid systematic text/structure scan)
Healthcare_Founder_Blueprints_2026-04-01_3_Ideas_Score_92_88_85.html,1) Autoclaim AI: Autonomous RCM & Denial Resolution; 2) AcuityShift: AI Triage for Decentralized EDs; 3) EquipOps AI: Infrastructure Co-Pilot for Emerging Markets,Founder blueprint (three proposed AI-first ventures),"3,693 words (49.8 KB)",Complete file accessible; full-text/structure scanned,High (100% file bytes parsed; rapid systematic text/structure scan)
Healthcare_Founder_Blueprints_2026-04-02_3_Ideas_Score_88_85_91.html,1) ClaimSaber: AI-Automated Insurance Appeal Engine; 2) TriageNode: Autonomous Primary Care Copilot for the Global South; 3) FlowPredict: Predictive ER & Bed Capacity Orchestrator,Founder blueprint (three proposed AI-first ventures),"3,211 words (46.7 KB)",Complete file accessible; full-text/structure scanned,High (100% file bytes parsed; rapid systematic text/structure scan)
Healthcare_Founder_Blueprints_2026-04-03_3_Ideas_Score_88_85_82.html,1) ClaimGuard AI: Autonomous Medical Billing Defense & Appeals; 2) RenalGuard: Predictive Escalation Engine for Chronic Care; 3) TriageNode: Autonomous Clinical Intake & Ambient Scribe,Founder blueprint (three proposed AI-first ventures),"2,698 words (42.9 KB)",Complete file accessible; full-text/structure scanned,High (100% file bytes parsed; rapid systematic text/structure scan)
Healthcare_Founder_Blueprints_2026-04-04_3_Ideas_Score_88_85_82.html,1) Aegis Appeal: AI-Automated Insurance Denial Reversal; 2) FlowState AI: Predictive ED Triage & Capacity Optimizer; 3) OmniTriage: Autonomous Clinical Co-Pilot for Task Shifting,Founder blueprint (three proposed AI-first ventures),"3,716 words (50.8 KB)",Complete file accessible; full-text/structure scanned,High (100% file bytes parsed; rapid systematic text/structure scan)
Healthcare_Founder_Blueprints_2026-04-05_3_Ideas_Score_92_88_85.html,1) AutoAppeal AI: Reversing Weaponized Claim Denials; 2) CareFlow: Predictive Hospital-at-Home Triage; 3) Aura Audit: Anti-Predatory Healthcare Analytics,Founder blueprint (three proposed AI-first ventures),"2,875 words (44.8 KB)",Complete file accessible; full-text/structure scanned,High (100% file bytes parsed; rapid systematic text/structure scan)
Healthcare_Founder_Blueprints_2026-04-06_3_Ideas_Score_92_86_89.html,1) AegisRCM: Autonomous Claim Reversal Engine; 2) Afiya Copilot: Edge AI Clinical Multiplier; 3) Meridian Care Router: AI Cross-Border Medical Matchmaker,Founder blueprint (three proposed AI-first ventures),"3,978 words (52.2 KB)",Complete file accessible; full-text/structure scanned,High (100% file bytes parsed; rapid systematic text/structure scan)
Healthcare_Founder_Blueprints_2026-04-07_3_Ideas_Score_92_88_85.html,1) AutoAppeal AI: Pre-emptive Claim Structuring & Denial Reversal; 2) FlowState Health: Predictive Triage & Capacity Routing; 3) SupplyPredict: AI-Driven Medical Inventory Balancing,Founder blueprint (three proposed AI-first ventures),"3,800 words (51.2 KB)",Complete file accessible; full-text/structure scanned,High (100% file bytes parsed; rapid systematic text/structure scan)
Healthcare_Founder_Blueprints_2026-04-08_3_Ideas_Score_92_88_85.html,1) AegisRCM: AI Counter-Warfare for Hospital Revenue Cycles; 2) LuminaTriage: Autonomous Edge-AI for A&E Load Balancing; 3) OmniClinic: Offline-First AI Co-Pilot for Rural Health Workers,Founder blueprint (three proposed AI-first ventures),"3,276 words (47.6 KB)",Complete file accessible; full-text/structure scanned,High (100% file bytes parsed; rapid systematic text/structure scan)
Healthcare_Founder_Blueprints_2026-04-09_3_Ideas_Score_88_85_89.html,1) ClaimGuard AI: Autonomous Denial Reversal Engine; 2) FlowClinic: Autonomous Async Triage & Lab Routing; 3) ClearPay Health: Predictive Solvency & Micro-Financing AI,Founder blueprint (three proposed AI-first ventures),"3,606 words (49.4 KB)",Complete file accessible; full-text/structure scanned,High (100% file bytes parsed; rapid systematic text/structure scan)
Healthcare_Founder_Blueprints_2026-04-10_3_Ideas_Score_88_85_82.html,1) AuthForce AI; 2) SettleMed; 3) CareDeploy,Founder blueprint (three proposed AI-first ventures),"3,747 words (50.3 KB)",Complete file accessible; full-text/structure scanned,High (100% file bytes parsed; rapid systematic text/structure scan)
Healthcare_Founder_Blueprints_2026-04-11_3_Ideas_Score_91_85_84.html,1) ClearAuth AI: Autonomous Prior Authorization; 2) TriageNet: Autonomous Patient Flow & Virtual Wards; 3) MediRoute: Predictive Procurement AI,Founder blueprint (three proposed AI-first ventures),"3,458 words (48.1 KB)",Complete file accessible; full-text/structure scanned,High (100% file bytes parsed; rapid systematic text/structure scan)
Healthcare_Founder_Blueprints_2026-04-12_3_Ideas_Score_85_84_82.html,1) ClaimGuard AI: Autonomous Denial Reversal & Medical Necessity Engine; 2) TriageFlow: Predictive Capacity & Autonomous Waitlist Routing; 3) TruthRecord: AI-Powered Medical Record Reconciliation & Correction,Founder blueprint (three proposed AI-first ventures),"3,471 words (48.8 KB)",Complete file accessible; full-text/structure scanned,High (100% file bytes parsed; rapid systematic text/structure scan)
Healthcare_Founder_Blueprints_2026-04-13_3_Ideas_Score_88_85_82.html,1) ClaimShield AI: Autonomous Payer Denial Reversal; 2) TriageOps AI: Predictive Capacity & Waitlist Engine; 3) EdgeClinic Copilot: Offline Diagnostics for the Global South,Founder blueprint (three proposed AI-first ventures),"3,695 words (50.7 KB)",Complete file accessible; full-text/structure scanned,High (100% file bytes parsed; rapid systematic text/structure scan)
Healthcare_Founder_Blueprints_2026-04-14_3_Ideas_Score_89_84_85.html,1) Aegis AI: Algorithmic Appeal & Advocacy Engine; 2) VitalRoute: Predictive NHS Bypass & Triage; 3) Kavach: AI-Powered Synthetic GPO for Emerging Markets,Founder blueprint (three proposed AI-first ventures),"3,429 words (48.4 KB)",Complete file accessible; full-text/structure scanned,High (100% file bytes parsed; rapid systematic text/structure scan)
Healthcare_Founder_Blueprints_2026-04-15_3_Ideas_Score_88_85_83.html,1) Aegis RCM: Autonomous Claim Defense Engine; 2) PathwayZero: Asynchronous Triage & Borderless Routing; 3) EquiBill AI: Medical Bill Auditing & Price Enforcement,Founder blueprint (three proposed AI-first ventures),"3,644 words (49.7 KB)",Complete file accessible; full-text/structure scanned,High (100% file bytes parsed; rapid systematic text/structure scan)
Healthcare_Founder_Blueprints_2026-04-16_3_Ideas_Score_88_85_83.html,1) ClaimGuardian AI; 2) Sentinel Triage AI; 3) FrontierNode Health,Founder blueprint (three proposed AI-first ventures),"3,454 words (48.1 KB)",Complete file accessible; full-text/structure scanned,High (100% file bytes parsed; rapid systematic text/structure scan)
Healthcare_Founder_Blueprints_2026-04-17_3_Ideas_Score_85_89_88.html,1) AuraFlow AI: Predictive Patient Routing; 2) ClearAuth AI: Autonomous Prior Authorization; 3) FairCharge AI: Medical Debt Resolution Engine,Founder blueprint (three proposed AI-first ventures),"3,864 words (51.0 KB)",Complete file accessible; full-text/structure scanned,High (100% file bytes parsed; rapid systematic text/structure scan)
Healthcare_Founder_Blueprints_2026-04-18_3_Ideas_Score_88_91_85.html,1) Aegis Health AI: Autonomous Claim Denial Reversal; 2) OptiFlow AI: Predictive Hospital Throughput Engine; 3) Nightingale AI: Autonomous Clinical Co-Pilot for Emerging Markets,Founder blueprint (three proposed AI-first ventures),"3,599 words (49.9 KB)",Complete file accessible; full-text/structure scanned,High (100% file bytes parsed; rapid systematic text/structure scan)
Healthcare_Founder_Blueprints_2026-04-20_3_Ideas_Score_85_82_88.html,1) AuraRad AI; 2) Oasis Copilot; 3) EquiBill AI,Founder blueprint (three proposed AI-first ventures),"3,504 words (48.6 KB)",Complete file accessible; full-text/structure scanned,High (100% file bytes parsed; rapid systematic text/structure scan)
Healthcare_Founder_Blueprints_2026-04-21_3_Ideas_Score_88_85_82.html,1) ClearClaim AI: Zero-Touch Prior Authorization; 2) TriageGrid: Autonomous Clinical Co-Pilot for Understaffed Wards; 3) Preventa AI: Predictive Chronic Care Engine,Founder blueprint (three proposed AI-first ventures),"3,498 words (49.0 KB)",Complete file accessible; full-text/structure scanned,High (100% file bytes parsed; rapid systematic text/structure scan)
Healthcare_Founder_Blueprints_2026-04-22_3_Ideas_Score_91_86_90.html,1) AutoAppeal OS; 2) FlowCapacity AI; 3) CareFrontier AI,Founder blueprint (three proposed AI-first ventures),"3,000 words (45.7 KB)",Complete file accessible; full-text/structure scanned,High (100% file bytes parsed; rapid systematic text/structure scan)
Healthcare_Founder_Blueprints_2026-04-23_3_Ideas_Score_88_85_82.html,1) Aegis Health AI: Autonomous Load Balancing & Bias-Free Scribe; 2) VeriClaim Network: Pre-Care Pricing & Overtreatment Shield; 3) NodeHealth OS: Predictive Infrastructure & Resource Routing,Founder blueprint (three proposed AI-first ventures),"3,456 words (49.4 KB)",Complete file accessible; full-text/structure scanned,High (100% file bytes parsed; rapid systematic text/structure scan)
Healthcare_Founder_Blueprints_2026-04-25_3_Ideas_Score_92_88_85.html,1) Aegis Appeals: AI-Powered Claim Reversal Engine; 2) TriageOps: Waitlist Optimization & Routing AI; 3) Gramin-AI: Edge Diagnostic Co-Pilot for Rural Health,Founder blueprint (three proposed AI-first ventures),"3,981 words (52.1 KB)",Complete file accessible; full-text/structure scanned,High (100% file bytes parsed; rapid systematic text/structure scan)
Healthcare_Founder_Blueprints_2026-04-27_3_Ideas_Score_89_86_84.html,1) EquiClaim AI: Automated Medical Debt Prevention & Bill Negotiation; 2) Aegis Triage: AI Co-Pilot for Task-Shifting in Clinical Deserts; 3) BureauSync: Automated Adjudication for State-Run Health Schemes,Founder blueprint (three proposed AI-first ventures),"3,435 words (47.6 KB)",Complete file accessible; full-text/structure scanned,High (100% file bytes parsed; rapid systematic text/structure scan)
Healthcare_Founder_Blueprints_2026-04-28_3_Ideas_Score_88_86_84.html,1) Sentinel-AI: Medical Necessity & FWA Engine; 2) TriageNet: Predictive Capacity & Routing Matrix; 3) NeoGuard: Preterm & Maternal Risk Analytics,Founder blueprint (three proposed AI-first ventures),"3,765 words (50.9 KB)",Complete file accessible; full-text/structure scanned,High (100% file bytes parsed; rapid systematic text/structure scan)
Healthcare_Founder_Blueprints_2026-04-29_3_Ideas_Score_87_85_84.html,1) ClaimShield AI: Automated Medical Debt & Denial Reversal; 2) TriageFlow AI: Predictive ED Orchestration; 3) SyncHealth AI: Unified Identity & Interoperability Agent,Founder blueprint (three proposed AI-first ventures),"3,307 words (47.0 KB)",Complete file accessible; full-text/structure scanned,High (100% file bytes parsed; rapid systematic text/structure scan)
Healthcare_Founder_Blueprints_2026-04-30_3_Ideas_Score_88_85_91.html,1) AuthaAI: Automated Prior-Authorization & Denial Recovery; 2) FlowTriage: Predictive ER & Ambulance Routing Engine; 3) SentinelDx: Ambient Diagnostic Safety Net,Founder blueprint (three proposed AI-first ventures),"3,173 words (46.4 KB)",Complete file accessible; full-text/structure scanned,High (100% file bytes parsed; rapid systematic text/structure scan)
Healthcare_Founder_Blueprints_2026-05-01_3_Ideas_Score_88_85_82.html,1) FlowOS: Predictive Bed & Discharge Orchestration; 2) ShieldClaim: Autonomous Denial Resolution & Financial Navigation; 3) NCD-Copilot: Edge AI for Chronic Disease in the Global South,Founder blueprint (three proposed AI-first ventures),"4,052 words (52.8 KB)",Complete file accessible; full-text/structure scanned,High (100% file bytes parsed; rapid systematic text/structure scan)
Healthcare_Founder_Blueprints_2026-05-02_3_Ideas_Score_88_92_85.html,1) Aura Triage: Asynchronous Clinical Multiplier; 2) Aegis Claims AI: Automated Denial Defender; 3) OmniBed AI: Predictive Flow & Gridlock Resolution,Founder blueprint (three proposed AI-first ventures),"3,473 words (48.1 KB)",Complete file accessible; full-text/structure scanned,High (100% file bytes parsed; rapid systematic text/structure scan)
Healthcare_Founder_Blueprints_2026-05-03_3_Ideas_Score_88_86_84.html,1) WardOS: AI-Automated Virtual Ward & Triage Orchestrator; 2) AuthForce: AI-Driven Prior Auth & Claim Appeal Engine; 3) Oasis Node: Autonomous AI Diagnostic Kiosks for Rural Care,Founder blueprint (three proposed AI-first ventures),"3,601 words (49.3 KB)",Complete file accessible; full-text/structure scanned,High (100% file bytes parsed; rapid systematic text/structure scan)
Healthcare_Founder_Blueprints_2026-05-04_3_Ideas_Score_88_85_84.html,1) Aegis RCM: AI-Agentic Claim Pre-Adjudication; 2) TriageOps: Autonomous Waitlist Stratification; 3) AshaEdge: Autonomous Primary Care Nodes,Founder blueprint (three proposed AI-first ventures),"3,300 words (47.5 KB)",Complete file accessible; full-text/structure scanned,High (100% file bytes parsed; rapid systematic text/structure scan)
Healthcare_Founder_Blueprints_2026-05-06_3_Ideas_Score_86_83_88.html,1) Sentinel TPA: AI-Powered ICU Fraud Prevention; 2) FastTrack Health: AI-Driven Cross-Border Care Routing; 3) Nightingale AI: Autonomous Clinical Admin Co-Pilot,Founder blueprint (three proposed AI-first ventures),"3,012 words (45.5 KB)",Complete file accessible; full-text/structure scanned,High (100% file bytes parsed; rapid systematic text/structure scan)
Healthcare_Founder_Blueprints_2026-05-07_3_Ideas_Score_88_85_83.html,1) ClaimShield: AI Denial Defense Engine; 2) TriagePath: Predictive Deterioration Routing; 3) VeriChain: Predictive Pharmacy Node,Founder blueprint (three proposed AI-first ventures),"3,097 words (46.2 KB)",Complete file accessible; full-text/structure scanned,High (100% file bytes parsed; rapid systematic text/structure scan)
Healthcare_Founder_Blueprints_2026-05-08_3_Ideas_Score_88_84_86.html,1) Aegis Revenue AI: Automated Denial Reversal Engine; 2) FlowMedix AI: Autonomous Clinical Triage & Pre-Workup; 3) Praxis Direct: AI-Powered Direct-Pay Clearinghouse,Founder blueprint (three proposed AI-first ventures),"4,190 words (53.4 KB)",Complete file accessible; full-text/structure scanned,High (100% file bytes parsed; rapid systematic text/structure scan)
Healthcare_Founder_Blueprints_2026-05-09_3_Ideas_Score_88_84_82.html,1) FlowOps AI: Predictive ER Bottleneck & Offload Router; 2) Synthia Health: AI Copilot for Complex Diagnostic Discovery; 3) FairRisk API: Verifiable Health Subsidy Engine,Founder blueprint (three proposed AI-first ventures),"2,797 words (44.1 KB)",Complete file accessible; full-text/structure scanned,High (100% file bytes parsed; rapid systematic text/structure scan)
Healthcare_Founder_Blueprints_2026-05-10_3_Ideas_Score_92_86_89.html,1) AuthForce AI: Autonomous Prior Authorization & Appeals Engine; 2) AcuityCopilot: Ambient Triage & Anomaly Detection; 3) ClearProcure AI: Medical Supply Auditor & Fraud Prevention,Founder blueprint (three proposed AI-first ventures),"3,196 words (46.4 KB)",Complete file accessible; full-text/structure scanned,High (100% file bytes parsed; rapid systematic text/structure scan)
Healthcare_Founder_Blueprints_2026-05-11_3_Ideas_Score_86_83_88.html,1) ClearBed AI: Autonomous Diagnostic Load Balancer; 2) LedgerHealth: Sovereign Claim Resilience Engine; 3) Aegis Health: Autonomous Patient Advocate,Founder blueprint (three proposed AI-first ventures),"3,858 words (50.5 KB)",Complete file accessible; full-text/structure scanned,High (100% file bytes parsed; rapid systematic text/structure scan)
Healthcare_Founder_Blueprints_2026-05-12_3_Ideas_Score_85_88_82.html,1) TriageFlow AI: Autonomous Backlog & Capacity Engine; 2) ClearPath Health: AI-Native Prior Auth & Compliance; 3) Aegis Chronic Care: Autonomous Preventative Co-Pilot,Founder blueprint (three proposed AI-first ventures),"3,268 words (47.5 KB)",Complete file accessible; full-text/structure scanned,High (100% file bytes parsed; rapid systematic text/structure scan)
Healthcare_Founder_Blueprints_2026-05-13_3_Ideas_Score_90_85_86.html,1) AuthGuard AI: Algorithmic Denial Reversal Engine; 2) NCD-Aegis: Predictive Chronic Care for UHC; 3) OmniWard: AI Command Center for Rural Hospital-at-Home,Founder blueprint (three proposed AI-first ventures),"3,287 words (47.5 KB)",Complete file accessible; full-text/structure scanned,High (100% file bytes parsed; rapid systematic text/structure scan)
Healthcare_Founder_Blueprints_2026-05-14_3_Ideas_Score_92_88_85.html,1) AutoAppeal.ai; 2) FlowState Health; 3) GhostNode AI,Founder blueprint (three proposed AI-first ventures),"3,460 words (48.0 KB)",Complete file accessible; full-text/structure scanned,High (100% file bytes parsed; rapid systematic text/structure scan)
Healthcare_Founder_Blueprints_2026-05-15_3_Ideas_Score_92_88_85.html,1) ClaimGuard AI: Automated Denial Reversal & Medical Debt Shield; 2) FlowOS: Predictive Patient Routing to Eliminate ED Bottlenecks; 3) VitalEdge: Predictive Logistics & Edge-AI Triage for the Global South,Founder blueprint (three proposed AI-first ventures),"3,382 words (47.6 KB)",Complete file accessible; full-text/structure scanned,High (100% file bytes parsed; rapid systematic text/structure scan)
Healthcare_Founder_Blueprints_2026-05-16_3_Ideas_Score_90_87_84.html,1) ClaimGuard AI: Autonomous Denial Defense & Pre-Auth Agent; 2) TriageCopilot: Ambient Clinical Intelligence for High-Acuity EDs; 3) Chronos AI: Predictive Analytics for Early Chronic Intervention,Founder blueprint (three proposed AI-first ventures),"3,168 words (46.5 KB)",Complete file accessible; full-text/structure scanned,High (100% file bytes parsed; rapid systematic text/structure scan)
Healthcare_Founder_Blueprints_2026-05-17_3_Ideas_Score_88_85_82.html,1) AppealOS: Autonomous Denial Recovery; 2) TriageZero: Autonomous ER Diversion; 3) ProcureDefend AI: Supply Chain Extortion Buster,Founder blueprint (three proposed AI-first ventures),"3,937 words (51.6 KB)",Complete file accessible; full-text/structure scanned,High (100% file bytes parsed; rapid systematic text/structure scan)
Healthcare_Founder_Blueprints_2026-05-18_3_Ideas_Score_92_88_85.html,1) ReclaimAI - Algorithmic Denial Warfare Engine; 2) QueueClear AI - Autonomous Clinical Triage; 3) Metabolix.AI - GLP-1 & Chronic Care Optimizer,Founder blueprint (three proposed AI-first ventures),"3,440 words (48.0 KB)",Complete file accessible; full-text/structure scanned,High (100% file bytes parsed; rapid systematic text/structure scan)
Healthcare_Founder_Blueprints_2026-05-19_3_Ideas_Score_88_85_84.html,1) AuthBridge AI; 2) FlowCare AI; 3) OmniClinic AI,Founder blueprint (three proposed AI-first ventures),"3,511 words (48.3 KB)",Complete file accessible; full-text/structure scanned,High (100% file bytes parsed; rapid systematic text/structure scan)
Healthcare_Founder_Blueprints_2026-05-21_3_Ideas_Score_88_85_84.html,1) ClaimShield AI: Autonomous Pre-Scrubbing & Payer Denial Reversal; 2) SentinelDx: Ambient Diagnostic Safety Net for Unstructured EHR Data; 3) FlowGate AI: Predictive ER Triage & Cross-Silo Patient Routing,Founder blueprint (three proposed AI-first ventures),"3,978 words (50.9 KB)",Complete file accessible; full-text/structure scanned,High (100% file bytes parsed; rapid systematic text/structure scan)
Healthcare_Founder_Blueprints_2026-05-22_3_Ideas_Score_88_85_82.html,1) ClearClaim AI: Autonomous Prior-Auth & Denial Reversal; 2) FlowState AI: Predictive Patient Routing & Capacity Engine; 3) VeriCare AI: Immutable Clinical Auditing & Accountability,Founder blueprint (three proposed AI-first ventures),"3,786 words (50.4 KB)",Complete file accessible; full-text/structure scanned,High (100% file bytes parsed; rapid systematic text/structure scan)
Healthcare_Founder_Blueprints_2026-05-23_3_Ideas_Score_88_85_83.html,1) AegisHealth: Autonomous Medical Debt & Denial Resolution; 2) OptiWait: Predictive Waitlist Triage for Public Health Systems; 3) CareNode: Embedded AI Micro-Insurance for the Global South,Founder blueprint (three proposed AI-first ventures),"3,323 words (47.0 KB)",Complete file accessible; full-text/structure scanned,High (100% file bytes parsed; rapid systematic text/structure scan)
Healthcare_Founder_Blueprints_2026-05-24_3_Ideas_Score_94_88_81.html,1) ClearClaim AI: Automated Prior Auth & Appeals Engine; 2) TriageOS: AI Co-Pilot for Overwhelmed Emergency Rooms; 3) EdgeClinic: Decentralized AI Diagnostics for Rural Deserts,Founder blueprint (three proposed AI-first ventures),"3,376 words (48.0 KB)",Complete file accessible; full-text/structure scanned,High (100% file bytes parsed; rapid systematic text/structure scan)
Healthcare_Founder_Blueprints_2026-05-25_3_Ideas_Score_90_82_84.html,1) Aegis Claim AI: Autonomous Medical Denial & Debt Resolution; 2) CareForce AI: Edge-Native Clinical Co-Pilot for Emerging Markets; 3) FlowState Health: Autonomous Triage & Patient Flow Command Center,Founder blueprint (three proposed AI-first ventures),"3,165 words (46.0 KB)",Complete file accessible; full-text/structure scanned,High (100% file bytes parsed; rapid systematic text/structure scan)
Healthcare_Founder_Blueprints_2026-05-26_3_Ideas_Score_89_86_83.html,1) Aegis Health AI: Automated Insurance Appeal Engine; 2) MedGuard Copilot: Edge AI for Medication Safety; 3) TriageShift AI: Clinical Copilot for Task-Shifting,Founder blueprint (three proposed AI-first ventures),"3,613 words (49.3 KB)",Complete file accessible; full-text/structure scanned,High (100% file bytes parsed; rapid systematic text/structure scan)
Healthcare_Founder_Blueprints_2026-05-27_3_Ideas_Score_92_88_85.html,1) ClaimGuardian AI: Autonomous Medical Necessity Defense; 2) FlowSafe AI: Predictive Patient Orchestration & Discharge Safeguard; 3) DxCopilot: Primary Care Diagnostic Safety Net,Founder blueprint (three proposed AI-first ventures),"3,892 words (50.5 KB)",Complete file accessible; full-text/structure scanned,High (100% file bytes parsed; rapid systematic text/structure scan)
Healthcare_Founder_Blueprints_2026-05-28_3_Ideas_Score_92_88_85.html,1) Aegis Health: Autonomous Prior Auth & Denial Reversal; 2) TaskShift AI: Clinical Co-Pilot for Frontline Workers; 3) FlowState: Predictive ER & Virtual Ward Orchestration,Founder blueprint (three proposed AI-first ventures),"3,469 words (48.1 KB)",Complete file accessible; full-text/structure scanned,High (100% file bytes parsed; rapid systematic text/structure scan)
Healthcare_Founder_Blueprints_2026-05-29_3_Ideas_Score_88_85_89.html,1) AegisClaim AI: Autonomous Medical Denial Defense; 2) Lumina Diagnostics: AI Triage for Diagnostic Backlogs; 3) Nursys AI: Mid-Level Provider Clinical Copilot,Founder blueprint (three proposed AI-first ventures),"3,888 words (50.9 KB)",Complete file accessible; full-text/structure scanned,High (100% file bytes parsed; rapid systematic text/structure scan)
Healthcare_Founder_Blueprints_2026-05-30_3_Ideas_Score_90_86_84.html,1) ClearClaim AI: Autonomous RCM & Denial Firewall; 2) ValueGuard: Clinical Necessity Auditing Engine; 3) OmniTriage: Asynchronous Patient Routing,Founder blueprint (three proposed AI-first ventures),"3,555 words (48.8 KB)",Complete file accessible; full-text/structure scanned,High (100% file bytes parsed; rapid systematic text/structure scan)
Healthcare_Founder_Blueprints_2026-05-31_3_Ideas_Score_88_85_91.html,1) AeroTriage: Predictive Patient Flow OS; 2) NerveNet AI: Clinical Copilot for the Global South; 3) EquiClaim: UHC Empanelment & Factoring Engine,Founder blueprint (three proposed AI-first ventures),"3,624 words (48.8 KB)",Complete file accessible; full-text/structure scanned,High (100% file bytes parsed; rapid systematic text/structure scan)
Healthcare_Founder_Blueprints_2026-06-01_3_Ideas_Score_88_85_82.html,1) Aegis Appeals: AI-Automated Prior Auth & Denial Reversal; 2) WardShift AI: Predictive Hospital-at-Home Logistics; 3) Sentinel Health AI: Automated Pharmacovigilance & Safety,Founder blueprint (three proposed AI-first ventures),"3,567 words (49.0 KB)",Complete file accessible; full-text/structure scanned,High (100% file bytes parsed; rapid systematic text/structure scan)
Healthcare_Founder_Blueprints_2026-06-02_3_Ideas_Score_88_85_83.html,1) Aegis Health: Generative AI for Prior Auth & Denial Reversal; 2) TriageOS: Predictive Waitlist Management; 3) Nightingale Node: Edge AI for Clinical Task-Shifting,Founder blueprint (three proposed AI-first ventures),"2,719 words (43.5 KB)",Complete file accessible; full-text/structure scanned,High (100% file bytes parsed; rapid systematic text/structure scan)
Healthcare_Founder_Blueprints_2026-06-03_3_Ideas_Score_88_85_86.html,1) AuthClear AI; 2) FlowTriage AI; 3) CorridorCare AI,Founder blueprint (three proposed AI-first ventures),"3,648 words (49.7 KB)",Complete file accessible; full-text/structure scanned,High (100% file bytes parsed; rapid systematic text/structure scan)
Healthcare_Founder_Blueprints_2026-06-04_3_Ideas_Score_88_85_82.html,1) ClearClaim AI: Autonomous Denial Reversal Engine; 2) AugmentCare AI: Clinical Co-Pilot for Understaffed Frontiers; 3) AeroWard AI: Predictive Hospital-at-Home Infrastructure,Founder blueprint (three proposed AI-first ventures),"3,955 words (51.8 KB)",Complete file accessible; full-text/structure scanned,High (100% file bytes parsed; rapid systematic text/structure scan)
Healthcare_Founder_Blueprints_2026-06-05_3_Ideas_Score_91_84_85.html,1) ClaimGuard AI; 2) WardZero AI; 3) EdgeMed Diagnostics,Founder blueprint (three proposed AI-first ventures),"3,577 words (49.2 KB)",Complete file accessible; full-text/structure scanned,High (100% file bytes parsed; rapid systematic text/structure scan)
Healthcare_Founder_Blueprints_2026-06-06_3_Ideas_Score_87_82_85.html,1) ClaimGuard AI: Automated Denial Reversal Engine; 2) TriageFlow: Predictive Public-Private Capacity Router; 3) DiasporaMed: AI-Augmented Cross-Border Care Network,Founder blueprint (three proposed AI-first ventures),"3,574 words (49.2 KB)",Complete file accessible; full-text/structure scanned,High (100% file bytes parsed; rapid systematic text/structure scan)
Healthcare_Founder_Blueprints_2026-06-07_3_Ideas_Score_85_82_84.html,1) AutoAppeal AI: Autonomous Prior Auth Clearinghouse; 2) FlowState: Predictive Triage & Load Balancer; 3) ScribeEdge AI: Autonomous Copilot for Emerging Markets,Founder blueprint (three proposed AI-first ventures),"3,868 words (50.8 KB)",Complete file accessible; full-text/structure scanned,High (100% file bytes parsed; rapid systematic text/structure scan)
Healthcare_Founder_Blueprints_2026-06-08_3_Ideas_Score_91_82_86.html,1) Aegis Claims: Autonomous Prior Auth & Denial Reversal Engine; 2) FlowState Health: Predictive Bed Management & Discharge AI; 3) NuraClaim: GCC AI Clearinghouse & Auto-Coder,Founder blueprint (three proposed AI-first ventures),"3,852 words (50.6 KB)",Complete file accessible; full-text/structure scanned,High (100% file bytes parsed; rapid systematic text/structure scan)
Healthcare_Founder_Blueprints_2026-06-09_3_Ideas_Score_88_92_85.html,1) TriageOS: Autonomous Waitlist Risk Management; 2) ClearClaim: Predictive Out-of-Pocket & Alternative Financing Engine; 3) AuthFlow AI: Autonomous Care Pathway & Subsidy Clearinghouse,Founder blueprint (three proposed AI-first ventures),"3,746 words (50.8 KB)",Complete file accessible; full-text/structure scanned,High (100% file bytes parsed; rapid systematic text/structure scan)
Healthcare_Founder_Blueprints_2026-06-10_3_Ideas_Score_88_85_82.html,1) ClaimGuard AI: Autonomous Appeals & Debt Defense; 2) TriageNode: Autonomous Primary Care Routing; 3) EthicRoute: Immutable Emergency Dispatch AI,Founder blueprint (three proposed AI-first ventures),"3,077 words (46.3 KB)",Complete file accessible; full-text/structure scanned,High (100% file bytes parsed; rapid systematic text/structure scan)
Healthcare_Founder_Blueprints_2026-06-11_3_Ideas_Score_92_88_85.html,1) AutoClaim AI: Autonomous Prior Auth & Denial Resolution; 2) ScribeZero: Autonomous Clinical Inbox & Ambient Agent; 3) FlowTriage AI: Dynamic Waitlist & OR Optimization,Founder blueprint (three proposed AI-first ventures),"3,577 words (49.4 KB)",Complete file accessible; full-text/structure scanned,High (100% file bytes parsed; rapid systematic text/structure scan)
Healthcare_Founder_Blueprints_2026-06-12_3_Ideas_Score_92_88_85.html,1) AutoDischarge AI; 2) FlowTriage AI; 3) OmniMed Copilot,Founder blueprint (three proposed AI-first ventures),"3,542 words (49.0 KB)",Complete file accessible; full-text/structure scanned,High (100% file bytes parsed; rapid systematic text/structure scan)
Healthcare_Founder_Blueprints_2026-06-13_3_Ideas_Score_84_85_87.html,1) ContinuityAI: Algorithmic Deactivation Prevention; 2) TriageFlow: AI-Driven Emergency Queue & Empathy Engine; 3) DebtShield AI: Pre-emptive Financial Navigation,Founder blueprint (three proposed AI-first ventures),"3,667 words (49.6 KB)",Complete file accessible; full-text/structure scanned,High (100% file bytes parsed; rapid systematic text/structure scan)
Healthcare_Founder_Blueprints_2026-06-14_3_Ideas_Score_88_84_86.html,1) Aegis Health: AI-Driven Medical Debt Eradication; 2) QueueMed: AI-Dynamic Triage & Capacity Routing; 3) LuminaCare: Offline-First AI Diagnostic Copilot,Founder blueprint (three proposed AI-first ventures),"3,378 words (47.5 KB)",Complete file accessible; full-text/structure scanned,High (100% file bytes parsed; rapid systematic text/structure scan)
Healthcare_Founder_Blueprints_2026-06-15_3_Ideas_Score_88_85_89.html,1) ClaimGuard AI: Autonomous Revenue Cycle Engine; 2) FlowHealth: Predictive Triage & Capacity Routing; 3) ClearBill: Pre-Discharge Financial Navigation Agent,Founder blueprint (three proposed AI-first ventures),"3,548 words (48.6 KB)",Complete file accessible; full-text/structure scanned,High (100% file bytes parsed; rapid systematic text/structure scan)
Healthcare_Founder_Blueprints_2026-06-16_3_Ideas_Score_88_92_86.html,1) FlowOps AI: Predictive ER Triage & Virtual Ward Router; 2) AppealAI: Autonomous Revenue Cycle & Denial Reversal; 3) CoMed AI: Offline-First Clinical Copilot,Founder blueprint (three proposed AI-first ventures),"3,152 words (45.8 KB)",Complete file accessible; full-text/structure scanned,High (100% file bytes parsed; rapid systematic text/structure scan)
Healthcare_Founder_Blueprints_2026-06-17_3_Ideas_Score_92_88_85.html,1) ClearClaim AI; 2) FlowWard; 3) AfiyaGrid,Founder blueprint (three proposed AI-first ventures),"3,338 words (48.1 KB)",Complete file accessible; full-text/structure scanned,High (100% file bytes parsed; rapid systematic text/structure scan)
Healthcare_Founder_Blueprints_2026-06-18_3_Ideas_Score_92_88_90.html,1) RevShield AI; 2) PharmaTriage Edge; 3) EquiCare AI,Founder blueprint (three proposed AI-first ventures),"3,449 words (48.1 KB)",Complete file accessible; full-text/structure scanned,High (100% file bytes parsed; rapid systematic text/structure scan)
Healthcare_Founder_Blueprints_2026-06-19_3_Ideas_Score_85_88_82.html,1) EquiClaim AI; 2) WardZero AI; 3) SentinelCare Copilot,Founder blueprint (three proposed AI-first ventures),"3,639 words (49.4 KB)",Complete file accessible; full-text/structure scanned,High (100% file bytes parsed; rapid systematic text/structure scan)
Healthcare_Founder_Blueprints_2026-06-20_3_Ideas_Score_88_85_82.html,1) ClaimDefend AI: Autonomous Prior Auth & Appeals; 2) TriageFlow AI: Predictive Public Health Routing; 3) NariCare Shield: AI Micro-Insurance & Health Credit,Founder blueprint (three proposed AI-first ventures),"3,129 words (45.9 KB)",Complete file accessible; full-text/structure scanned,High (100% file bytes parsed; rapid systematic text/structure scan)
Healthcare_Founder_Blueprints_2026-06-21_3_Ideas_Score_88_86_91.html,1) ClearClaim AI; 2) NHS-Flow AI; 3) EquiBill AI,Founder blueprint (three proposed AI-first ventures),"3,423 words (47.6 KB)",Complete file accessible; full-text/structure scanned,High (100% file bytes parsed; rapid systematic text/structure scan)
Healthcare_Founder_Blueprints_2026-06-22_3_Ideas_Score_88_84_91.html,1) Aegis Appeal AI: The Autonomous Anti-Denial Engine; 2) FlowState Health: Autonomous Triage & Virtual Ward Router; 3) Aura Clinical: Offline-First AI Co-Pilot for the Global South,Founder blueprint (three proposed AI-first ventures),"3,344 words (46.3 KB)",Complete file accessible; full-text/structure scanned,High (100% file bytes parsed; rapid systematic text/structure scan)
Healthcare_Founder_Blueprints_2026-06-23_3_Ideas_Score_88_85_82.html,1) ClaimResilience AI; 2) Aura Triage Co-Pilot; 3) NexusHealth Identity,Founder blueprint (three proposed AI-first ventures),"3,888 words (48.9 KB)",Complete file accessible; full-text/structure scanned,High (100% file bytes parsed; rapid systematic text/structure scan)
Healthcare_Founder_Blueprints_2026-06-24_3_Ideas_Score_88_85_82.html,1) AuthX AI: Autonomous Prior Authorization Engine; 2) FlowTriage: Autonomous Clinical Deflection System; 3) SupplyMesh: Predictive Drug Shortage & Arbitrage Network,Founder blueprint (three proposed AI-first ventures),"3,450 words (46.8 KB)",Complete file accessible; full-text/structure scanned,High (100% file bytes parsed; rapid systematic text/structure scan)
Healthcare_Founder_Blueprints_2026-06-25_3_Ideas_Score_88_85_84.html,1) AuthForce AI: Autonomous Prior Auth & Denial Resolution; 2) FlowState Health: Predictive ER Offload & Virtual Ward Orchestrator; 3) EdgeMed AI: Offline-First Clinical Copilot for Rural Health Workers,Founder blueprint (three proposed AI-first ventures),"3,664 words (48.0 KB)",Complete file accessible; full-text/structure scanned,High (100% file bytes parsed; rapid systematic text/structure scan)
Healthcare_Founder_Blueprints_2026-06-26_3_Ideas_Score_84_92_85.html,1) FlowOps AI: Predictive Discharge & Step-Down Orchestrator; 2) Aegis Health: Algorithmic Prior-Auth & Appeal Shield; 3) SUS-Bypass: WhatsApp-Native Triage & Referral Engine,Founder blueprint (three proposed AI-first ventures),"3,661 words (47.4 KB)",Complete file accessible; full-text/structure scanned,High (100% file bytes parsed; rapid systematic text/structure scan)
Healthcare_Founder_Blueprints_2026-06-27_3_Ideas_Score_88_92_85.html,1) ClaimRevert AI: Autonomous Denial Management; 2) OmniConsult: Ambient CDSS for High-Volume Clinics; 3) CareRoute AI: Predictive Patient Flow & Triage,Founder blueprint (three proposed AI-first ventures),"3,635 words (48.4 KB)",Complete file accessible; full-text/structure scanned,High (100% file bytes parsed; rapid systematic text/structure scan)
Healthcare_Founder_Blueprints_2026-06-28_3_Ideas_Score_92_88_91.html,1) ClaimGuard AI: Autonomous Payer Appeal Engine; 2) SurgeShift: Predictive Load Balancing & Triage; 3) EdgeMed: Offline-First Rural Diagnostic & Supply Router,Founder blueprint (three proposed AI-first ventures),"3,828 words (49.5 KB)",Complete file accessible; full-text/structure scanned,High (100% file bytes parsed; rapid systematic text/structure scan)
Healthcare_Founder_Blueprints_2026-06-29_3_Ideas_Score_89_85_82.html,1) AuthDefend: Autonomous Appeals Engine; 2) FlowTriage: Predictive Bed & Triage Orchestrator; 3) OmniDx Edge: Offline-First Rural Diagnostic OS,Founder blueprint (three proposed AI-first ventures),"3,573 words (47.5 KB)",Complete file accessible; full-text/structure scanned,High (100% file bytes parsed; rapid systematic text/structure scan)
Healthcare_Founder_Blueprints_2026-06-30_3_Ideas_Score_88_85_83.html,1) DenialGuard AI: Autonomous Claim Appeals & Prevention; 2) BedFlow AI: Predictive Discharge & Capacity Routing; 3) AuraMed: Autonomous Virtual Attending for Resource-Constrained Clinics,Founder blueprint (three proposed AI-first ventures),"4,273 words (52.7 KB)",Complete file accessible; full-text/structure scanned,High (100% file bytes parsed; rapid systematic text/structure scan)
Healthcare_Founder_Blueprints_2026-07-01_3_Ideas_Score_88_84_82.html,1) ClaimDefender AI: Autonomous Denial Resolution; 2) ClearQueue: Asynchronous Triage & Backlog Clearance; 3) OmniMed Edge: AI Co-Pilot for Rural Health Workers,Founder blueprint (three proposed AI-first ventures),"3,992 words (50.6 KB)",Complete file accessible; full-text/structure scanned,High (100% file bytes parsed; rapid systematic text/structure scan)
Healthcare_Founder_Blueprints_2026-07-02_3_Ideas_Score_88_85_89.html,1) ClaimGuard AI: Automated Payer Denial Reversal & Price Transparency; 2) TriageFlow: Predictive Capacity & Waitlist Management; 3) OmniScribe AI: Ambient Clinical Intelligence for Global Markets,Founder blueprint (three proposed AI-first ventures),"3,837 words (49.2 KB)",Complete file accessible; full-text/structure scanned,High (100% file bytes parsed; rapid systematic text/structure scan)
Healthcare_Founder_Blueprints_2026-07-03_3_Ideas_Score_92_88_85.html,1) Aegis RevOps: Autonomous Denial Prevention & Appeals; 2) ClearQueue AI: Dynamic Waitlist Stratification; 3) Lumina Diagnostics: Rural Primary Care Copilot,Founder blueprint (three proposed AI-first ventures),"4,020 words (51.2 KB)",Complete file accessible; full-text/structure scanned,High (100% file bytes parsed; rapid systematic text/structure scan)
Healthcare_Founder_Blueprints_2026-07-04_3_Ideas_Score_85_92_88.html,1) Aura Clinical: AI Co-Pilot for Unsupervised Medical Staff; 2) ClearClaim AI: Zero-Friction Prior Auth & Denial Prevention; 3) EquiHealth Finance: AI-Driven Medical Debt Abatement,Founder blueprint (three proposed AI-first ventures),"3,267 words (45.7 KB)",Complete file accessible; full-text/structure scanned,High (100% file bytes parsed; rapid systematic text/structure scan)
Healthcare_Founder_Blueprints_2026-07-05_3_Ideas_Score_88_84_86.html,1) ClaimGuard AI: Autonomous Denial Resolution Engine; 2) TriageFlow AI: Predictive Waitlist & OR Optimization; 3) OmniClinic Edge: Offline AI Diagnostic Copilot,Founder blueprint (three proposed AI-first ventures),"3,276 words (45.8 KB)",Complete file accessible; full-text/structure scanned,High (100% file bytes parsed; rapid systematic text/structure scan)
Healthcare_Founder_Blueprints_2026-07-06_3_Ideas_Score_88_85_82.html,1) ClearClaim AI: Automated Denial Recovery & Auth Engine; 2) AsyncMD: Autonomous Clinical Intake & Triage Engine; 3) Sentinel AI: Ambient Clinical Risk & Negligence Prevention,Founder blueprint (three proposed AI-first ventures),"4,039 words (50.7 KB)",Complete file accessible; full-text/structure scanned,High (100% file bytes parsed; rapid systematic text/structure scan)
Healthcare_Founder_Blueprints_2026-07-07_3_Ideas_Score_88_84_86.html,1) AI-Driven Prior Authorization & Denial Reversal Clearinghouse; 2) Cryptographic Ambient EMR & Clinical Audit Trail; 3) Autonomous Asynchronous Specialist Triage & Workup,Founder blueprint (three proposed AI-first ventures),"3,627 words (48.2 KB)",Complete file accessible; full-text/structure scanned,High (100% file bytes parsed; rapid systematic text/structure scan)
Healthcare_Founder_Blueprints_2026-07-08_3_Ideas_Score_92_88_90.html,1) ClearAuth AI; 2) Frontline Copilot; 3) FairCost Health,Founder blueprint (three proposed AI-first ventures),"3,460 words (46.6 KB)",Complete file accessible; full-text/structure scanned,High (100% file bytes parsed; rapid systematic text/structure scan)
Healthcare_Founder_Blueprints_2026-07-10_3_Ideas_Score_89_90_88.html,1) ClaimGuard AI; 2) TriageNode AI; 3) ClearDebt Health,Founder blueprint (three proposed AI-first ventures),"3,801 words (49.3 KB)",Complete file accessible; full-text/structure scanned,High (100% file bytes parsed; rapid systematic text/structure scan)
Healthcare_Founder_Blueprints_2026-07-12_3_Ideas_Score_88_85_82.html,1) ClearClaim: AI Pre-Auth & Denial Prevention; 2) FlowState: Predictive Bed-Blocking Resolution; 3) SupplyGuard: Anti-Fragile Medical Logistics,Founder blueprint (three proposed AI-first ventures),"3,212 words (45.6 KB)",Complete file accessible; full-text/structure scanned,High (100% file bytes parsed; rapid systematic text/structure scan)
Healthcare_Founder_Blueprints_2026-07-13_3_Ideas_Score_92_88_90.html,1) ClaimGuard AI; 2) Aura Health Co-Pilot; 3) EquiCare Navigator,Founder blueprint (three proposed AI-first ventures),"2,970 words (43.0 KB)",Complete file accessible; full-text/structure scanned,High (100% file bytes parsed; rapid systematic text/structure scan)
Healthcare_Founder_Blueprints_2026-07-14_3_Ideas_Score_88_83_82.html,1) ClaimGuard AI; 2) TriageNode AI; 3) TrustMed AI,Founder blueprint (three proposed AI-first ventures),"2,984 words (43.6 KB)",Complete file accessible; full-text/structure scanned,High (100% file bytes parsed; rapid systematic text/structure scan)
Healthcare_Founder_Blueprints_2026-07-15_3_Ideas_Score_92_85_88.html,1) ClaimDefender AI: Autonomous Appeal Engine; 2) MedAugment: Edge-AI Diagnostic Copilot; 3) VisionFlow OS: PPP Healthcare Change Management,Founder blueprint (three proposed AI-first ventures),"3,293 words (45.5 KB)",Complete file accessible; full-text/structure scanned,High (100% file bytes parsed; rapid systematic text/structure scan)
Healthcare_Founder_Blueprints_2026-07-16_3_Ideas_Score_88_85_83.html,1) DenialOps AI: Autonomous Prior Auth & Claims Clearinghouse; 2) FlowTriage AI: Predictive Patient Flow OS; 3) ClearCare Finance: AI Medical Debt Prevention,Founder blueprint (three proposed AI-first ventures),"3,165 words (45.4 KB)",Complete file accessible; full-text/structure scanned,High (100% file bytes parsed; rapid systematic text/structure scan)
Healthcare_Founder_Blueprints_2026-07-18_3_Ideas_Score_88_85_82.html,1) QueueClear AI: Dynamic Capacity & Triage Engine; 2) ClearClaim AI: Anti-Denial Automation Engine; 3) Frontier Med AI: Offline-First Clinical Copilot,Founder blueprint (three proposed AI-first ventures),"3,719 words (47.6 KB)",Complete file accessible; full-text/structure scanned,High (100% file bytes parsed; rapid systematic text/structure scan)
Healthcare_Founder_Blueprints_2026-07-19_3_Ideas_Score_92_86_89.html,1) Aegis RCM: AI-Driven Claim Denial & Appeal Engine; 2) FlowTriage: Predictive ER Capacity & Virtual Ward Router; 3) SyncMed: Unified Virtual Clinic & Admin Middleware,Founder blueprint (three proposed AI-first ventures),"3,666 words (48.6 KB)",Complete file accessible; full-text/structure scanned,High (100% file bytes parsed; rapid systematic text/structure scan)
Healthcare_Founder_Blueprints_2026-07-20_3_Ideas_Score_89_85_82.html,1) ClaimGuard AI: Autonomous Appeals for Independent Practices; 2) TriageOps AI: Dynamic Waitlist Stratification; 3) FairPay Health: AI Patient Financial Advocate,Founder blueprint (three proposed AI-first ventures),"3,019 words (43.4 KB)",Complete file accessible; full-text/structure scanned,High (100% file bytes parsed; rapid systematic text/structure scan)
Healthcare_Founder_Blueprints_2026-07-21_3_Ideas_Score_88_86_85.html,1) NusaClaim AI: Actuarial & Auto-Adjudication Engine for UHC; 2) TriageZero: Autonomous Asynchronous Care Router; 3) AshaAI: Edge-Diagnostic Copilot for Rural Health Workers,Founder blueprint (three proposed AI-first ventures),"3,683 words (48.7 KB)",Complete file accessible; full-text/structure scanned,High (100% file bytes parsed; rapid systematic text/structure scan)
Healthcare_Founder_Blueprints_2026-07-23_3_Ideas_Score_92_88_90.html,1) ClaimZero: Autonomous Pre-Adjudication Agent; 2) FlowState: Predictive Triage & Dynamic Scheduling; 3) ShieldAI: Automated Insurance Appeal & Navigation Engine,Founder blueprint (three proposed AI-first ventures),"3,857 words (49.5 KB)",Complete file accessible; full-text/structure scanned,High (100% file bytes parsed; rapid systematic text/structure scan)
Healthcare_Founder_Blueprints_2026-07-24_3_Ideas_Score_88_85_86.html,1) ClearClaim AI: Autonomous Denial Recovery & Care Navigation; 2) LuminaCare: Autonomous Clinical Operations for Rural Health; 3) Aura Fintech: AI Medical Debt Restructuring Engine,Founder blueprint (three proposed AI-first ventures),"3,075 words (43.9 KB)",Complete file accessible; full-text/structure scanned,High (100% file bytes parsed; rapid systematic text/structure scan)
Healthcare_Founder_Blueprints_2026-07-25_3_Ideas_Score_88_90_83.html,1) TriageOS: Autonomous Waitlist Load Balancing; 2) FiscalCare: LLM-Driven Claims Auditing & Deficit Prevention; 3) ProcureMed AI: Predictive Supply Chain Resiliency,Founder blueprint (three proposed AI-first ventures),"3,742 words (48.9 KB)",Complete file accessible; full-text/structure scanned,High (100% file bytes parsed; rapid systematic text/structure scan)
Healthcare_Founder_Blueprints_2026-07-26_3_Ideas_Score_86_91_84.html,1) VitalClear: AI Emergency Triage & Instant Underwriting; 2) ClaimGuard AI: Autonomous Claim Appeals & Patient Advocacy; 3) SentinelOR: Predictive Anesthesia & Surgical Safety Copilot,Founder blueprint (three proposed AI-first ventures),"3,347 words (46.5 KB)",Complete file accessible; full-text/structure scanned,High (100% file bytes parsed; rapid systematic text/structure scan)
Healthcare_Market_Intelligence_Report_-_India_-_2026-03-02.md,India healthcare market; multiple companies/topics (no single company case study),Daily healthcare market intelligence,"1,425 words (10.6 KB)",Complete file accessible; full-text/structure scanned,High (100% file bytes parsed; rapid systematic text/structure scan)
Healthcare_Market_Intelligence_Report_-_India_-_2026-03-03.md,India healthcare market; multiple companies/topics (no single company case study),Daily healthcare market intelligence,"1,192 words (8.8 KB)",Complete file accessible; full-text/structure scanned,High (100% file bytes parsed; rapid systematic text/structure scan)
Healthcare_Market_Intelligence_Report_-_India_-_2026-03-04.md,India healthcare market; multiple companies/topics (no single company case study),Daily healthcare market intelligence,"1,294 words (9.7 KB)",Complete file accessible; full-text/structure scanned,High (100% file bytes parsed; rapid systematic text/structure scan)
Healthcare_Market_Intelligence_Report_-_India_-_2026-03-05.md,India healthcare market; multiple companies/topics (no single company case study),Daily healthcare market intelligence,"1,235 words (9.2 KB)",Complete file accessible; full-text/structure scanned,High (100% file bytes parsed; rapid systematic text/structure scan)
Healthcare_Market_Intelligence_Report_-_India_-_2026-03-06.md,India healthcare market; multiple companies/topics (no single company case study),Daily healthcare market intelligence,"1,336 words (9.9 KB)",Complete file accessible; full-text/structure scanned,High (100% file bytes parsed; rapid systematic text/structure scan)
Healthcare_Market_Intelligence_Report_-_India_-_2026-03-07.md,India healthcare market; multiple companies/topics (no single company case study),Daily healthcare market intelligence,"1,228 words (9.2 KB)",Complete file accessible; full-text/structure scanned,High (100% file bytes parsed; rapid systematic text/structure scan)
Healthcare_Market_Intelligence_Report_-_India_-_2026-03-08.md,India healthcare market; multiple companies/topics (no single company case study),Daily healthcare market intelligence,"1,265 words (9.4 KB)",Complete file accessible; full-text/structure scanned,High (100% file bytes parsed; rapid systematic text/structure scan)
Healthcare_Market_Intelligence_Report_-_India_-_2026-03-09.html,India healthcare market; multiple companies/topics (no single company case study),Daily healthcare market intelligence,"1,512 words (11.9 KB)",Complete file accessible; full-text/structure scanned,High (100% file bytes parsed; rapid systematic text/structure scan)
Healthcare_Market_Intelligence_Report_-_India_-_2026-03-10.html,India healthcare market; multiple companies/topics (no single company case study),Daily healthcare market intelligence,"1,483 words (11.8 KB)",Complete file accessible; full-text/structure scanned,High (100% file bytes parsed; rapid systematic text/structure scan)
Healthcare_Market_Intelligence_Report_-_India_-_2026-03-11.html,India healthcare market; multiple companies/topics (no single company case study),Daily healthcare market intelligence,"1,546 words (12.1 KB)",Complete file accessible; full-text/structure scanned,High (100% file bytes parsed; rapid systematic text/structure scan)
Healthcare_Market_Intelligence_Report_-_India_-_2026-03-12.html,India healthcare market; multiple companies/topics (no single company case study),Daily healthcare market intelligence,"1,372 words (10.8 KB)",Complete file accessible; full-text/structure scanned,High (100% file bytes parsed; rapid systematic text/structure scan)
Healthcare_Market_Intelligence_Report_-_India_-_2026-03-13.html,India healthcare market; multiple companies/topics (no single company case study),Daily healthcare market intelligence,"1,466 words (11.6 KB)",Complete file accessible; full-text/structure scanned,High (100% file bytes parsed; rapid systematic text/structure scan)
Healthcare_Market_Intelligence_Report_-_India_-_2026-03-14.html,India healthcare market; multiple companies/topics (no single company case study),Daily healthcare market intelligence,"1,680 words (12.8 KB)",Complete file accessible; full-text/structure scanned,High (100% file bytes parsed; rapid systematic text/structure scan)
Healthcare_Market_Intelligence_Report_-_India_-_2026-03-15.html,India healthcare market; multiple companies/topics (no single company case study),Daily healthcare market intelligence,"1,362 words (10.8 KB)",Complete file accessible; full-text/structure scanned,High (100% file bytes parsed; rapid systematic text/structure scan)
Healthcare_Market_Intelligence_Report_-_India_-_2026-03-16.html,India healthcare market; multiple companies/topics (no single company case study),Daily healthcare market intelligence,"1,403 words (11.1 KB)",Complete file accessible; full-text/structure scanned,High (100% file bytes parsed; rapid systematic text/structure scan)
Healthcare_Market_Intelligence_Report_-_India_-_2026-03-17.html,India healthcare market; multiple companies/topics (no single company case study),Daily healthcare market intelligence,"1,538 words (12.1 KB)",Complete file accessible; full-text/structure scanned,High (100% file bytes parsed; rapid systematic text/structure scan)
Healthcare_Market_Intelligence_Report_-_India_-_2026-03-18.md,India healthcare market; multiple companies/topics (no single company case study),Daily healthcare market intelligence,"1,433 words (10.7 KB)",Complete file accessible; full-text/structure scanned,High (100% file bytes parsed; rapid systematic text/structure scan)
Healthcare_Market_Intelligence_Report_-_India_-_2026-03-19.md,India healthcare market; multiple companies/topics (no single company case study),Daily healthcare market intelligence,"1,447 words (10.6 KB)",Complete file accessible; full-text/structure scanned,High (100% file bytes parsed; rapid systematic text/structure scan)
Healthcare_Market_Intelligence_Report_-_India_-_2026-03-27.html,India healthcare market; multiple companies/topics (no single company case study),Daily healthcare market intelligence,"1,477 words (11.5 KB)",Complete file accessible; full-text/structure scanned,High (100% file bytes parsed; rapid systematic text/structure scan)
Healthcare_Market_Intelligence_Report_-_India_-_2026-03-28.html,India healthcare market; multiple companies/topics (no single company case study),Daily healthcare market intelligence,"1,587 words (12.4 KB)",Complete file accessible; full-text/structure scanned,High (100% file bytes parsed; rapid systematic text/structure scan)
Healthcare_Market_Intelligence_Report_-_India_-_2026-03-29.html,India healthcare market; multiple companies/topics (no single company case study),Daily healthcare market intelligence,"1,485 words (11.7 KB)",Complete file accessible; full-text/structure scanned,High (100% file bytes parsed; rapid systematic text/structure scan)
Healthcare_Market_Intelligence_Report_-_India_-_2026-03-30.html,India healthcare market; multiple companies/topics (no single company case study),Daily healthcare market intelligence,"1,538 words (11.9 KB)",Complete file accessible; full-text/structure scanned,High (100% file bytes parsed; rapid systematic text/structure scan)
Healthcare_Market_Intelligence_Report_-_India_-_2026-03-31.html,India healthcare market; multiple companies/topics (no single company case study),Daily healthcare market intelligence,"1,511 words (11.7 KB)",Complete file accessible; full-text/structure scanned,High (100% file bytes parsed; rapid systematic text/structure scan)
Healthcare_Market_Intelligence_Report_-_India_-_2026-04-01.html,India healthcare market; multiple companies/topics (no single company case study),Daily healthcare market intelligence,"1,512 words (12.2 KB)",Complete file accessible; full-text/structure scanned,High (100% file bytes parsed; rapid systematic text/structure scan)
Healthcare_Market_Intelligence_Report_-_India_-_2026-04-02.html,India healthcare market; multiple companies/topics (no single company case study),Daily healthcare market intelligence,"1,574 words (12.3 KB)",Complete file accessible; full-text/structure scanned,High (100% file bytes parsed; rapid systematic text/structure scan)
Healthcare_Market_Intelligence_Report_-_India_-_2026-04-03.html,India healthcare market; multiple companies/topics (no single company case study),Daily healthcare market intelligence,"1,500 words (11.7 KB)",Complete file accessible; full-text/structure scanned,High (100% file bytes parsed; rapid systematic text/structure scan)
Healthcare_Market_Intelligence_Report_-_India_-_2026-04-04.html,India healthcare market; multiple companies/topics (no single company case study),Daily healthcare market intelligence,"1,431 words (11.4 KB)",Complete file accessible; full-text/structure scanned,High (100% file bytes parsed; rapid systematic text/structure scan)
Healthcare_Market_Intelligence_Report_-_India_-_2026-04-05.html,India healthcare market; multiple companies/topics (no single company case study),Daily healthcare market intelligence,"1,498 words (11.9 KB)",Complete file accessible; full-text/structure scanned,High (100% file bytes parsed; rapid systematic text/structure scan)
Healthcare_Market_Intelligence_Report_-_India_-_2026-04-06.html,India healthcare market; multiple companies/topics (no single company case study),Daily healthcare market intelligence,"1,452 words (11.5 KB)",Complete file accessible; full-text/structure scanned,High (100% file bytes parsed; rapid systematic text/structure scan)
Healthcare_Market_Intelligence_Report_-_India_-_2026-04-07.md,India healthcare market; multiple companies/topics (no single company case study),Daily healthcare market intelligence,"1,499 words (11.1 KB)",Complete file accessible; full-text/structure scanned,High (100% file bytes parsed; rapid systematic text/structure scan)
Healthcare_Market_Intelligence_Report_-_India_-_2026-04-08.html,India healthcare market; multiple companies/topics (no single company case study),Daily healthcare market intelligence,"1,595 words (12.4 KB)",Complete file accessible; full-text/structure scanned,High (100% file bytes parsed; rapid systematic text/structure scan)
Healthcare_Market_Intelligence_Report_-_India_-_2026-04-09.html,India healthcare market; multiple companies/topics (no single company case study),Daily healthcare market intelligence,"1,660 words (13.0 KB)",Complete file accessible; full-text/structure scanned,High (100% file bytes parsed; rapid systematic text/structure scan)
Healthcare_Market_Intelligence_Report_-_India_-_2026-04-10.html,India healthcare market; multiple companies/topics (no single company case study),Daily healthcare market intelligence,"1,368 words (10.9 KB)",Complete file accessible; full-text/structure scanned,High (100% file bytes parsed; rapid systematic text/structure scan)
Healthcare_Market_Intelligence_Report_-_India_-_2026-04-11.html,India healthcare market; multiple companies/topics (no single company case study),Daily healthcare market intelligence,"1,459 words (11.5 KB)",Complete file accessible; full-text/structure scanned,High (100% file bytes parsed; rapid systematic text/structure scan)
Healthcare_Market_Intelligence_Report_-_India_-_2026-04-12.html,India healthcare market; multiple companies/topics (no single company case study),Daily healthcare market intelligence,"1,673 words (13.1 KB)",Complete file accessible; full-text/structure scanned,High (100% file bytes parsed; rapid systematic text/structure scan)
Healthcare_Market_Intelligence_Report_-_India_-_2026-04-13.html,India healthcare market; multiple companies/topics (no single company case study),Daily healthcare market intelligence,"1,685 words (13.0 KB)",Complete file accessible; full-text/structure scanned,High (100% file bytes parsed; rapid systematic text/structure scan)
Healthcare_Market_Intelligence_Report_-_India_-_2026-04-14.html,India healthcare market; multiple companies/topics (no single company case study),Daily healthcare market intelligence,"1,546 words (11.9 KB)",Complete file accessible; full-text/structure scanned,High (100% file bytes parsed; rapid systematic text/structure scan)
Healthcare_Market_Intelligence_Report_-_India_-_2026-04-15.html,India healthcare market; multiple companies/topics (no single company case study),Daily healthcare market intelligence,"1,485 words (11.8 KB)",Complete file accessible; full-text/structure scanned,High (100% file bytes parsed; rapid systematic text/structure scan)
Healthcare_Market_Intelligence_Report_-_India_-_2026-04-16.md,India healthcare market; multiple companies/topics (no single company case study),Daily healthcare market intelligence,"1,536 words (11.3 KB)",Complete file accessible; full-text/structure scanned,High (100% file bytes parsed; rapid systematic text/structure scan)
Healthcare_Market_Intelligence_Report_-_India_-_2026-04-17.md,India healthcare market; multiple companies/topics (no single company case study),Daily healthcare market intelligence,"1,544 words (11.7 KB)",Complete file accessible; full-text/structure scanned,High (100% file bytes parsed; rapid systematic text/structure scan)
Healthcare_Market_Intelligence_Report_-_India_-_2026-04-18.html,India healthcare market; multiple companies/topics (no single company case study),Daily healthcare market intelligence,"1,544 words (12.1 KB)",Complete file accessible; full-text/structure scanned,High (100% file bytes parsed; rapid systematic text/structure scan)
Healthcare_Market_Intelligence_Report_-_India_-_2026-04-19.md,India healthcare market; multiple companies/topics (no single company case study),Daily healthcare market intelligence,"1,587 words (11.8 KB)",Complete file accessible; full-text/structure scanned,High (100% file bytes parsed; rapid systematic text/structure scan)
Healthcare_Market_Intelligence_Report_-_India_-_2026-04-22.html,India healthcare market; multiple companies/topics (no single company case study),Daily healthcare market intelligence,"1,492 words (11.6 KB)",Complete file accessible; full-text/structure scanned,High (100% file bytes parsed; rapid systematic text/structure scan)
Healthcare_Market_Intelligence_Report_-_India_-_2026-04-23.html,India healthcare market; multiple companies/topics (no single company case study),Daily healthcare market intelligence,"1,652 words (12.9 KB)",Complete file accessible; full-text/structure scanned,High (100% file bytes parsed; rapid systematic text/structure scan)
Healthcare_Market_Intelligence_Report_-_India_-_2026-04-24.html,India healthcare market; multiple companies/topics (no single company case study),Daily healthcare market intelligence,"1,434 words (11.4 KB)",Complete file accessible; full-text/structure scanned,High (100% file bytes parsed; rapid systematic text/structure scan)
Healthcare_Market_Intelligence_Report_-_India_-_2026-04-25.html,India healthcare market; multiple companies/topics (no single company case study),Daily healthcare market intelligence,"1,580 words (12.2 KB)",Complete file accessible; full-text/structure scanned,High (100% file bytes parsed; rapid systematic text/structure scan)
Healthcare_Market_Intelligence_Report_-_India_-_2026-04-27.html,India healthcare market; multiple companies/topics (no single company case study),Daily healthcare market intelligence,"1,542 words (12.0 KB)",Complete file accessible; full-text/structure scanned,High (100% file bytes parsed; rapid systematic text/structure scan)
Healthcare_Market_Intelligence_Report_-_India_-_2026-04-28.html,India healthcare market; multiple companies/topics (no single company case study),Daily healthcare market intelligence,"1,395 words (11.0 KB)",Complete file accessible; full-text/structure scanned,High (100% file bytes parsed; rapid systematic text/structure scan)
Healthcare_Market_Intelligence_Report_-_India_-_2026-04-29.html,India healthcare market; multiple companies/topics (no single company case study),Daily healthcare market intelligence,"1,504 words (11.8 KB)",Complete file accessible; full-text/structure scanned,High (100% file bytes parsed; rapid systematic text/structure scan)
Healthcare_Market_Intelligence_Report_-_India_-_2026-04-30.html,India healthcare market; multiple companies/topics (no single company case study),Daily healthcare market intelligence,"1,633 words (12.7 KB)",Complete file accessible; full-text/structure scanned,High (100% file bytes parsed; rapid systematic text/structure scan)
Healthcare_Market_Intelligence_Report_-_India_-_2026-05-03.md,India healthcare market; multiple companies/topics (no single company case study),Daily healthcare market intelligence,"1,641 words (12.1 KB)",Complete file accessible; full-text/structure scanned,High (100% file bytes parsed; rapid systematic text/structure scan)
Healthcare_Market_Intelligence_Report_-_India_-_2026-05-04.html,India healthcare market; multiple companies/topics (no single company case study),Daily healthcare market intelligence,"1,585 words (12.4 KB)",Complete file accessible; full-text/structure scanned,High (100% file bytes parsed; rapid systematic text/structure scan)
Healthcare_Market_Intelligence_Report_-_India_-_2026-05-05.html,India healthcare market; multiple companies/topics (no single company case study),Daily healthcare market intelligence,"1,393 words (10.9 KB)",Complete file accessible; full-text/structure scanned,High (100% file bytes parsed; rapid systematic text/structure scan)
Healthcare_Market_Intelligence_Report_-_India_-_2026-05-06.html,India healthcare market; multiple companies/topics (no single company case study),Daily healthcare market intelligence,"1,395 words (11.0 KB)",Complete file accessible; full-text/structure scanned,High (100% file bytes parsed; rapid systematic text/structure scan)
Healthcare_Market_Intelligence_Report_-_India_-_2026-05-07.md,India healthcare market; multiple companies/topics (no single company case study),Daily healthcare market intelligence,"1,430 words (10.3 KB)",Complete file accessible; full-text/structure scanned,High (100% file bytes parsed; rapid systematic text/structure scan)
Healthcare_Market_Intelligence_Report_-_India_-_2026-05-08.html,India healthcare market; multiple companies/topics (no single company case study),Daily healthcare market intelligence,"1,417 words (11.4 KB)",Complete file accessible; full-text/structure scanned,High (100% file bytes parsed; rapid systematic text/structure scan)
Healthcare_Market_Intelligence_Report_-_India_-_2026-05-09.html,India healthcare market; multiple companies/topics (no single company case study),Daily healthcare market intelligence,"1,444 words (11.4 KB)",Complete file accessible; full-text/structure scanned,High (100% file bytes parsed; rapid systematic text/structure scan)
Healthcare_Market_Intelligence_Report_-_India_-_2026-05-10.html,India healthcare market; multiple companies/topics (no single company case study),Daily healthcare market intelligence,"1,437 words (11.3 KB)",Complete file accessible; full-text/structure scanned,High (100% file bytes parsed; rapid systematic text/structure scan)
Healthcare_Market_Intelligence_Report_-_India_-_2026-05-11.md,India healthcare market; multiple companies/topics (no single company case study),Daily healthcare market intelligence,"1,570 words (11.6 KB)",Complete file accessible; full-text/structure scanned,High (100% file bytes parsed; rapid systematic text/structure scan)
Healthcare_Market_Intelligence_Report_-_India_-_2026-05-12.html,India healthcare market; multiple companies/topics (no single company case study),Daily healthcare market intelligence,"1,412 words (11.2 KB)",Complete file accessible; full-text/structure scanned,High (100% file bytes parsed; rapid systematic text/structure scan)
Healthcare_Market_Intelligence_Report_-_India_-_2026-05-13.html,India healthcare market; multiple companies/topics (no single company case study),Daily healthcare market intelligence,"1,469 words (11.8 KB)",Complete file accessible; full-text/structure scanned,High (100% file bytes parsed; rapid systematic text/structure scan)
Healthcare_Market_Intelligence_Report_-_India_-_2026-05-14.html,India healthcare market; multiple companies/topics (no single company case study),Daily healthcare market intelligence,"1,607 words (12.6 KB)",Complete file accessible; full-text/structure scanned,High (100% file bytes parsed; rapid systematic text/structure scan)
Healthcare_Market_Intelligence_Report_-_India_-_2026-05-15.html,India healthcare market; multiple companies/topics (no single company case study),Daily healthcare market intelligence,"1,675 words (13.3 KB)",Complete file accessible; full-text/structure scanned,High (100% file bytes parsed; rapid systematic text/structure scan)
Healthcare_Market_Intelligence_Report_-_India_-_2026-05-16.html,India healthcare market; multiple companies/topics (no single company case study),Daily healthcare market intelligence,"1,595 words (12.2 KB)",Complete file accessible; full-text/structure scanned,High (100% file bytes parsed; rapid systematic text/structure scan)
Healthcare_Market_Intelligence_Report_-_India_-_2026-05-17.html,India healthcare market; multiple companies/topics (no single company case study),Daily healthcare market intelligence,"1,683 words (13.1 KB)",Complete file accessible; full-text/structure scanned,High (100% file bytes parsed; rapid systematic text/structure scan)
Healthcare_Market_Intelligence_Report_-_India_-_2026-05-18.html,India healthcare market; multiple companies/topics (no single company case study),Daily healthcare market intelligence,"1,668 words (13.2 KB)",Complete file accessible; full-text/structure scanned,High (100% file bytes parsed; rapid systematic text/structure scan)
Healthcare_Market_Intelligence_Report_-_India_-_2026-05-19.html,India healthcare market; multiple companies/topics (no single company case study),Daily healthcare market intelligence,"1,550 words (12.0 KB)",Complete file accessible; full-text/structure scanned,High (100% file bytes parsed; rapid systematic text/structure scan)
Healthcare_Market_Intelligence_Report_-_India_-_2026-05-20.md,India healthcare market; multiple companies/topics (no single company case study),Daily healthcare market intelligence,"1,542 words (11.6 KB)",Complete file accessible; full-text/structure scanned,High (100% file bytes parsed; rapid systematic text/structure scan)
Healthcare_Market_Intelligence_Report_-_India_-_2026-05-21.html,India healthcare market; multiple companies/topics (no single company case study),Daily healthcare market intelligence,"1,601 words (12.5 KB)",Complete file accessible; full-text/structure scanned,High (100% file bytes parsed; rapid systematic text/structure scan)
Healthcare_Market_Intelligence_Report_-_India_-_2026-05-22.html,India healthcare market; multiple companies/topics (no single company case study),Daily healthcare market intelligence,"1,510 words (12.0 KB)",Complete file accessible; full-text/structure scanned,High (100% file bytes parsed; rapid systematic text/structure scan)
Healthcare_Market_Intelligence_Report_-_India_-_2026-05-23.html,India healthcare market; multiple companies/topics (no single company case study),Daily healthcare market intelligence,"1,547 words (12.0 KB)",Complete file accessible; full-text/structure scanned,High (100% file bytes parsed; rapid systematic text/structure scan)
Healthcare_Market_Intelligence_Report_-_India_-_2026-05-24.html,India healthcare market; multiple companies/topics (no single company case study),Daily healthcare market intelligence,"1,592 words (12.7 KB)",Complete file accessible; full-text/structure scanned,High (100% file bytes parsed; rapid systematic text/structure scan)
Healthcare_Market_Intelligence_Report_-_India_-_2026-05-25.html,India healthcare market; multiple companies/topics (no single company case study),Daily healthcare market intelligence,"1,337 words (10.8 KB)",Complete file accessible; full-text/structure scanned,High (100% file bytes parsed; rapid systematic text/structure scan)
Healthcare_Market_Intelligence_Report_-_India_-_2026-05-26.html,India healthcare market; multiple companies/topics (no single company case study),Daily healthcare market intelligence,"1,355 words (10.9 KB)",Complete file accessible; full-text/structure scanned,High (100% file bytes parsed; rapid systematic text/structure scan)
Healthcare_Market_Intelligence_Report_-_India_-_2026-05-27.md,India healthcare market; multiple companies/topics (no single company case study),Daily healthcare market intelligence,"1,029 words (7.9 KB)",Complete file accessible; full-text/structure scanned,High (100% file bytes parsed; rapid systematic text/structure scan)
Healthcare_Market_Intelligence_Report_-_India_-_2026-05-28.md,India healthcare market; multiple companies/topics (no single company case study),Daily healthcare market intelligence,"1,117 words (8.4 KB)",Complete file accessible; full-text/structure scanned,High (100% file bytes parsed; rapid systematic text/structure scan)
Healthcare_Market_Intelligence_Report_-_India_-_2026-05-29.md,India healthcare market; multiple companies/topics (no single company case study),Daily healthcare market intelligence,992 words (7.7 KB),Complete file accessible; full-text/structure scanned,High (100% file bytes parsed; rapid systematic text/structure scan)
Healthcare_Market_Intelligence_Report_-_India_-_2026-05-30.md,India healthcare market; multiple companies/topics (no single company case study),Daily healthcare market intelligence,"1,128 words (8.5 KB)",Complete file accessible; full-text/structure scanned,High (100% file bytes parsed; rapid systematic text/structure scan)
Healthcare_Market_Intelligence_Report_-_India_-_2026-05-31.md,India healthcare market; multiple companies/topics (no single company case study),Daily healthcare market intelligence,"1,060 words (8.1 KB)",Complete file accessible; full-text/structure scanned,High (100% file bytes parsed; rapid systematic text/structure scan)
Healthcare_Market_Intelligence_Report_-_India_-_2026-06-01.md,India healthcare market; multiple companies/topics (no single company case study),Daily healthcare market intelligence,959 words (7.4 KB),Complete file accessible; full-text/structure scanned,High (100% file bytes parsed; rapid systematic text/structure scan)
Healthcare_Market_Intelligence_Report_-_India_-_2026-06-02.md,India healthcare market; multiple companies/topics (no single company case study),Daily healthcare market intelligence,"1,071 words (8.2 KB)",Complete file accessible; full-text/structure scanned,High (100% file bytes parsed; rapid systematic text/structure scan)
Healthcare_Market_Intelligence_Report_-_India_-_2026-06-03.md,India healthcare market; multiple companies/topics (no single company case study),Daily healthcare market intelligence,968 words (7.3 KB),Complete file accessible; full-text/structure scanned,High (100% file bytes parsed; rapid systematic text/structure scan)
Healthcare_Market_Intelligence_Report_-_India_-_2026-06-04.md,India healthcare market; multiple companies/topics (no single company case study),Daily healthcare market intelligence,949 words (7.4 KB),Complete file accessible; full-text/structure scanned,High (100% file bytes parsed; rapid systematic text/structure scan)
Healthcare_Market_Intelligence_Report_-_India_-_2026-06-05.md,India healthcare market; multiple companies/topics (no single company case study),Daily healthcare market intelligence,"1,062 words (8.1 KB)",Complete file accessible; full-text/structure scanned,High (100% file bytes parsed; rapid systematic text/structure scan)
Healthcare_Market_Intelligence_Report_-_India_-_2026-06-06.md,India healthcare market; multiple companies/topics (no single company case study),Daily healthcare market intelligence,"1,037 words (8.1 KB)",Complete file accessible; full-text/structure scanned,High (100% file bytes parsed; rapid systematic text/structure scan)
Healthcare_Market_Intelligence_Report_-_India_-_2026-06-07.md,India healthcare market; multiple companies/topics (no single company case study),Daily healthcare market intelligence,"1,110 words (8.6 KB)",Complete file accessible; full-text/structure scanned,High (100% file bytes parsed; rapid systematic text/structure scan)
Healthcare_Market_Intelligence_Report_-_India_-_2026-06-08.md,India healthcare market; multiple companies/topics (no single company case study),Daily healthcare market intelligence,987 words (7.8 KB),Complete file accessible; full-text/structure scanned,High (100% file bytes parsed; rapid systematic text/structure scan)
Healthcare_Market_Intelligence_Report_-_India_-_2026-06-09.md,India healthcare market; multiple companies/topics (no single company case study),Daily healthcare market intelligence,"1,024 words (7.7 KB)",Complete file accessible; full-text/structure scanned,High (100% file bytes parsed; rapid systematic text/structure scan)
Healthcare_Market_Intelligence_Report_-_India_-_2026-06-10.md,India healthcare market; multiple companies/topics (no single company case study),Daily healthcare market intelligence,950 words (7.4 KB),Complete file accessible; full-text/structure scanned,High (100% file bytes parsed; rapid systematic text/structure scan)
Healthcare_Market_Intelligence_Report_-_India_-_2026-06-11.md,India healthcare market; multiple companies/topics (no single company case study),Daily healthcare market intelligence,"1,041 words (8.0 KB)",Complete file accessible; full-text/structure scanned,High (100% file bytes parsed; rapid systematic text/structure scan)
Healthcare_Market_Intelligence_Report_-_India_-_2026-06-12.md,India healthcare market; multiple companies/topics (no single company case study),Daily healthcare market intelligence,"1,070 words (8.2 KB)",Complete file accessible; full-text/structure scanned,High (100% file bytes parsed; rapid systematic text/structure scan)
Healthcare_Market_Intelligence_Report_-_India_-_2026-06-13.md,India healthcare market; multiple companies/topics (no single company case study),Daily healthcare market intelligence,"1,000 words (7.7 KB)",Complete file accessible; full-text/structure scanned,High (100% file bytes parsed; rapid systematic text/structure scan)
Healthcare_Market_Intelligence_Report_-_India_-_2026-06-14.md,India healthcare market; multiple companies/topics (no single company case study),Daily healthcare market intelligence,"1,103 words (8.5 KB)",Complete file accessible; full-text/structure scanned,High (100% file bytes parsed; rapid systematic text/structure scan)
Healthcare_Market_Intelligence_Report_-_India_-_2026-06-15.md,India healthcare market; multiple companies/topics (no single company case study),Daily healthcare market intelligence,984 words (7.7 KB),Complete file accessible; full-text/structure scanned,High (100% file bytes parsed; rapid systematic text/structure scan)
Healthcare_Market_Intelligence_Report_-_India_-_2026-06-16.md,India healthcare market; multiple companies/topics (no single company case study),Daily healthcare market intelligence,"1,068 words (8.3 KB)",Complete file accessible; full-text/structure scanned,High (100% file bytes parsed; rapid systematic text/structure scan)
Healthcare_Market_Intelligence_Report_-_India_-_2026-06-17.md,India healthcare market; multiple companies/topics (no single company case study),Daily healthcare market intelligence,964 words (7.5 KB),Complete file accessible; full-text/structure scanned,High (100% file bytes parsed; rapid systematic text/structure scan)
Healthcare_Market_Intelligence_Report_-_India_-_2026-06-18.html,India healthcare market; multiple companies/topics (no single company case study),Daily healthcare market intelligence,"1,057 words (8.7 KB)",Complete file accessible; full-text/structure scanned,High (100% file bytes parsed; rapid systematic text/structure scan)
Healthcare_Market_Intelligence_Report_-_India_-_2026-06-19.md,India healthcare market; multiple companies/topics (no single company case study),Daily healthcare market intelligence,966 words (7.5 KB),Complete file accessible; full-text/structure scanned,High (100% file bytes parsed; rapid systematic text/structure scan)
Healthcare_Market_Intelligence_Report_-_India_-_2026-06-20.md,India healthcare market; multiple companies/topics (no single company case study),Daily healthcare market intelligence,"1,146 words (8.6 KB)",Complete file accessible; full-text/structure scanned,High (100% file bytes parsed; rapid systematic text/structure scan)
Healthcare_Market_Intelligence_Report_-_India_-_2026-06-21.md,India healthcare market; multiple companies/topics (no single company case study),Daily healthcare market intelligence,"1,066 words (8.1 KB)",Complete file accessible; full-text/structure scanned,High (100% file bytes parsed; rapid systematic text/structure scan)
Healthcare_Market_Intelligence_Report_-_India_-_2026-06-22.md,India healthcare market; multiple companies/topics (no single company case study),Daily healthcare market intelligence,"1,076 words (8.2 KB)",Complete file accessible; full-text/structure scanned,High (100% file bytes parsed; rapid systematic text/structure scan)
Healthcare_Market_Intelligence_Report_-_India_-_2026-06-23.md,India healthcare market; multiple companies/topics (no single company case study),Daily healthcare market intelligence,"1,019 words (7.8 KB)",Complete file accessible; full-text/structure scanned,High (100% file bytes parsed; rapid systematic text/structure scan)
Healthcare_Market_Intelligence_Report_-_India_-_2026-06-24.md,India healthcare market; multiple companies/topics (no single company case study),Daily healthcare market intelligence,"1,078 words (8.1 KB)",Complete file accessible; full-text/structure scanned,High (100% file bytes parsed; rapid systematic text/structure scan)
Healthcare_Market_Intelligence_Report_-_India_-_2026-06-25.md,India healthcare market; multiple companies/topics (no single company case study),Daily healthcare market intelligence,"1,115 words (8.6 KB)",Complete file accessible; full-text/structure scanned,High (100% file bytes parsed; rapid systematic text/structure scan)
Healthcare_Market_Intelligence_Report_-_India_-_2026-06-26.md,India healthcare market; multiple companies/topics (no single company case study),Daily healthcare market intelligence,"1,075 words (8.0 KB)",Complete file accessible; full-text/structure scanned,High (100% file bytes parsed; rapid systematic text/structure scan)
Healthcare_Market_Intelligence_Report_-_India_-_2026-06-27.md,India healthcare market; multiple companies/topics (no single company case study),Daily healthcare market intelligence,"1,128 words (8.8 KB)",Complete file accessible; full-text/structure scanned,High (100% file bytes parsed; rapid systematic text/structure scan)
Healthcare_Market_Intelligence_Report_-_India_-_2026-06-28.md,India healthcare market; multiple companies/topics (no single company case study),Daily healthcare market intelligence,"1,123 words (8.2 KB)",Complete file accessible; full-text/structure scanned,High (100% file bytes parsed; rapid systematic text/structure scan)
Healthcare_Market_Intelligence_Report_-_India_-_2026-06-29.md,India healthcare market; multiple companies/topics (no single company case study),Daily healthcare market intelligence,"1,087 words (8.5 KB)",Complete file accessible; full-text/structure scanned,High (100% file bytes parsed; rapid systematic text/structure scan)
Healthcare_Market_Intelligence_Report_-_India_-_2026-06-30.md,India healthcare market; multiple companies/topics (no single company case study),Daily healthcare market intelligence,"1,041 words (8.1 KB)",Complete file accessible; full-text/structure scanned,High (100% file bytes parsed; rapid systematic text/structure scan)
Healthcare_Market_Intelligence_Report_-_India_-_2026-07-01.md,India healthcare market; multiple companies/topics (no single company case study),Daily healthcare market intelligence,"1,016 words (7.8 KB)",Complete file accessible; full-text/structure scanned,High (100% file bytes parsed; rapid systematic text/structure scan)
Healthcare_Market_Intelligence_Report_-_India_-_2026-07-02.md,India healthcare market; multiple companies/topics (no single company case study),Daily healthcare market intelligence,"1,030 words (8.2 KB)",Complete file accessible; full-text/structure scanned,High (100% file bytes parsed; rapid systematic text/structure scan)
Healthcare_Market_Intelligence_Report_-_India_-_2026-07-03.md,India healthcare market; multiple companies/topics (no single company case study),Daily healthcare market intelligence,"1,017 words (7.8 KB)",Complete file accessible; full-text/structure scanned,High (100% file bytes parsed; rapid systematic text/structure scan)
Healthcare_Market_Intelligence_Report_-_India_-_2026-07-04.md,India healthcare market; multiple companies/topics (no single company case study),Daily healthcare market intelligence,"1,022 words (7.8 KB)",Complete file accessible; full-text/structure scanned,High (100% file bytes parsed; rapid systematic text/structure scan)
Healthcare_Market_Intelligence_Report_-_India_-_2026-07-05.md,India healthcare market; multiple companies/topics (no single company case study),Daily healthcare market intelligence,"1,060 words (8.1 KB)",Complete file accessible; full-text/structure scanned,High (100% file bytes parsed; rapid systematic text/structure scan)
Healthcare_Market_Intelligence_Report_-_India_-_2026-07-06.md,India healthcare market; multiple companies/topics (no single company case study),Daily healthcare market intelligence,"1,099 words (8.6 KB)",Complete file accessible; full-text/structure scanned,High (100% file bytes parsed; rapid systematic text/structure scan)
Healthcare_Market_Intelligence_Report_-_India_-_2026-07-07.md,India healthcare market; multiple companies/topics (no single company case study),Daily healthcare market intelligence,"1,110 words (8.8 KB)",Complete file accessible; full-text/structure scanned,High (100% file bytes parsed; rapid systematic text/structure scan)
Healthcare_Market_Intelligence_Report_-_India_-_2026-07-08.md,India healthcare market; multiple companies/topics (no single company case study),Daily healthcare market intelligence,"1,026 words (8.0 KB)",Complete file accessible; full-text/structure scanned,High (100% file bytes parsed; rapid systematic text/structure scan)
Healthcare_Market_Intelligence_Report_-_India_-_2026-07-09.md,India healthcare market; multiple companies/topics (no single company case study),Daily healthcare market intelligence,"1,030 words (8.0 KB)",Complete file accessible; full-text/structure scanned,High (100% file bytes parsed; rapid systematic text/structure scan)
Healthcare_Market_Intelligence_Report_-_India_-_2026-07-11.md,India healthcare market; multiple companies/topics (no single company case study),Daily healthcare market intelligence,"1,121 words (8.5 KB)",Complete file accessible; full-text/structure scanned,High (100% file bytes parsed; rapid systematic text/structure scan)
Healthcare_Market_Intelligence_Report_-_India_-_2026-07-12.md,India healthcare market; multiple companies/topics (no single company case study),Daily healthcare market intelligence,"1,169 words (8.7 KB)",Complete file accessible; full-text/structure scanned,High (100% file bytes parsed; rapid systematic text/structure scan)
Healthcare_Market_Intelligence_Report_-_India_-_2026-07-13.md,India healthcare market; multiple companies/topics (no single company case study),Daily healthcare market intelligence,"1,108 words (8.4 KB)",Complete file accessible; full-text/structure scanned,High (100% file bytes parsed; rapid systematic text/structure scan)
Healthcare_Market_Intelligence_Report_-_India_-_2026-07-14.md,India healthcare market; multiple companies/topics (no single company case study),Daily healthcare market intelligence,"1,111 words (8.4 KB)",Complete file accessible; full-text/structure scanned,High (100% file bytes parsed; rapid systematic text/structure scan)
Healthcare_Market_Intelligence_Report_-_India_-_2026-07-15.html,India healthcare market; multiple companies/topics (no single company case study),Daily healthcare market intelligence,"1,124 words (8.9 KB)",Complete file accessible; full-text/structure scanned,High (100% file bytes parsed; rapid systematic text/structure scan)
Healthcare_Market_Intelligence_Report_-_India_-_2026-07-16.md,India healthcare market; multiple companies/topics (no single company case study),Daily healthcare market intelligence,"1,308 words (10.0 KB)",Complete file accessible; full-text/structure scanned,High (100% file bytes parsed; rapid systematic text/structure scan)
Healthcare_Market_Intelligence_Report_-_India_-_2026-07-17.md,India healthcare market; multiple companies/topics (no single company case study),Daily healthcare market intelligence,"1,091 words (8.6 KB)",Complete file accessible; full-text/structure scanned,High (100% file bytes parsed; rapid systematic text/structure scan)
Healthcare_Market_Intelligence_Report_-_India_-_2026-07-19.md,India healthcare market; multiple companies/topics (no single company case study),Daily healthcare market intelligence,"1,121 words (8.6 KB)",Complete file accessible; full-text/structure scanned,High (100% file bytes parsed; rapid systematic text/structure scan)
Healthcare_Market_Intelligence_Report_-_India_-_2026-07-20.md,India healthcare market; multiple companies/topics (no single company case study),Daily healthcare market intelligence,"1,038 words (7.9 KB)",Complete file accessible; full-text/structure scanned,High (100% file bytes parsed; rapid systematic text/structure scan)
Healthcare_Market_Intelligence_Report_-_India_-_2026-07-21.md,India healthcare market; multiple companies/topics (no single company case study),Daily healthcare market intelligence,"1,157 words (8.9 KB)",Complete file accessible; full-text/structure scanned,High (100% file bytes parsed; rapid systematic text/structure scan)
Healthcare_Market_Intelligence_Report_-_India_-_2026-07-22.html,India healthcare market; multiple companies/topics (no single company case study),Daily healthcare market intelligence,"1,024 words (8.4 KB)",Complete file accessible; full-text/structure scanned,High (100% file bytes parsed; rapid systematic text/structure scan)
Healthcare_Market_Intelligence_Report_-_India_-_2026-07-23.md,India healthcare market; multiple companies/topics (no single company case study),Daily healthcare market intelligence,"1,097 words (8.3 KB)",Complete file accessible; full-text/structure scanned,High (100% file bytes parsed; rapid systematic text/structure scan)
Healthcare_Market_Intelligence_Report_-_India_-_2026-07-25.md,India healthcare market; multiple companies/topics (no single company case study),Daily healthcare market intelligence,950 words (7.4 KB),Complete file accessible; full-text/structure scanned,High (100% file bytes parsed; rapid systematic text/structure scan)
Here_is_today_s_decision-grade_brief.md,Not stated,Healthcare intelligence brief,895 words (6.6 KB),Complete file accessible; full-text/structure scanned,High (100% file bytes parsed; rapid systematic text/structure scan)
Welcome_to_Bubble_Lab.html,Bubble Lab,Company/product digest,121 words (2.8 KB),Complete file accessible; full-text/structure scanned,High (100% file bytes parsed; rapid systematic text/structure scan)
XYZ.txt,None (empty file),Empty placeholder,0 words (0.0 KB),Empty / not a substantive report,N/A—empty
Your_Hospital_Workflow_Google_Form_Script.md,Hospital workflow questionnaire,Hospital workflow questionnaire/script,925 words (8.5 KB),Complete file accessible; full-text/structure scanned,High (100% file bytes parsed; rapid systematic text/structure scan)
_Current_Time_Sunday_April_19_2026_at_09_00_AM_UTC_User_timezone_unspecified_defaulting_to_UTC_for_this_report_Please_provide_your_timezone_for_future_time-sensitive_pilot_planning.html,Not stated,Healthcare intelligence brief,886 words (6.6 KB),Complete file accessible; full-text/structure scanned,High (100% file bytes parsed; rapid systematic text/structure scan)
_ELITE_Healthcare_Intelligence_Report_17_Roles_132_Data_Points_Analyzed.html,17 hospital workforce roles and patient/system layer (no single company case study),Healthcare workforce/system intelligence,"2,117 words (24.0 KB)",Complete file accessible; full-text/structure scanned,High (100% file bytes parsed; rapid systematic text/structure scan)
_ELITE_Healthcare_Intelligence_Report_17_Roles_139_Data_Points_Analyzed.html,17 hospital workforce roles and patient/system layer (no single company case study),Healthcare workforce/system intelligence,"4,343 words (49.5 KB)",Complete file accessible; full-text/structure scanned,High (100% file bytes parsed; rapid systematic text/structure scan)
_ELITE_Healthcare_Intelligence_Report_17_Roles_141_Data_Points_Analyzed.html,17 hospital workforce roles and patient/system layer (no single company case study),Healthcare workforce/system intelligence,"4,533 words (59.5 KB)",Complete file accessible; full-text/structure scanned,High (100% file bytes parsed; rapid systematic text/structure scan)
_ELITE_Healthcare_Intelligence_Report_17_Roles_141_Data_Points_Analyzed.md,17 hospital workforce roles and patient/system layer (no single company case study),Healthcare workforce/system intelligence,"3,098 words (23.0 KB)",Complete file accessible; full-text/structure scanned,High (100% file bytes parsed; rapid systematic text/structure scan)
_ELITE_Healthcare_Intelligence_Report_17_Roles_142_Data_Points_Analyzed.html,17 hospital workforce roles and patient/system layer (no single company case study),Healthcare workforce/system intelligence,"3,948 words (47.8 KB)",Complete file accessible; full-text/structure scanned,High (100% file bytes parsed; rapid systematic text/structure scan)
_ELITE_Healthcare_Intelligence_Report_17_Roles_143_Data_Points_Analyzed.html,17 hospital workforce roles and patient/system layer (no single company case study),Healthcare workforce/system intelligence,"3,790 words (44.8 KB)",Complete file accessible; full-text/structure scanned,High (100% file bytes parsed; rapid systematic text/structure scan)
_ELITE_Healthcare_Intelligence_Report_17_Roles_144_Data_Points_Analyzed.html,17 hospital workforce roles and patient/system layer (no single company case study),Healthcare workforce/system intelligence,"2,792 words (32.8 KB)",Complete file accessible; full-text/structure scanned,High (100% file bytes parsed; rapid systematic text/structure scan)
_ELITE_Healthcare_Intelligence_Report_17_Roles_145_Data_Points_Analyzed.html,17 hospital workforce roles and patient/system layer (no single company case study),Healthcare workforce/system intelligence,"2,875 words (35.9 KB)",Complete file accessible; full-text/structure scanned,High (100% file bytes parsed; rapid systematic text/structure scan)
_ELITE_Healthcare_Intelligence_Report_17_Roles_146_Data_Points_Analyzed.html,17 hospital workforce roles and patient/system layer (no single company case study),Healthcare workforce/system intelligence,"2,394 words (28.0 KB)",Complete file accessible; full-text/structure scanned,High (100% file bytes parsed; rapid systematic text/structure scan)
_ELITE_Healthcare_Intelligence_Report_17_Roles_147_Data_Points_Analyzed.html,17 hospital workforce roles and patient/system layer (no single company case study),Healthcare workforce/system intelligence,"4,244 words (52.5 KB)",Complete file accessible; full-text/structure scanned,High (100% file bytes parsed; rapid systematic text/structure scan)
_ELITE_Healthcare_Intelligence_Report_17_Roles_148_Data_Points_Analyzed.html,17 hospital workforce roles and patient/system layer (no single company case study),Healthcare workforce/system intelligence,"2,379 words (29.8 KB)",Complete file accessible; full-text/structure scanned,High (100% file bytes parsed; rapid systematic text/structure scan)
_ELITE_Healthcare_Intelligence_Report_17_Roles_148_Data_Points_Analyzed.md,17 hospital workforce roles and patient/system layer (no single company case study),Healthcare workforce/system intelligence,"3,353 words (24.7 KB)",Complete file accessible; full-text/structure scanned,High (100% file bytes parsed; rapid systematic text/structure scan)
_ELITE_Healthcare_Intelligence_Report_17_Roles_149_Data_Points_Analyzed.html,17 hospital workforce roles and patient/system layer (no single company case study),Healthcare workforce/system intelligence,"2,302 words (28.4 KB)",Complete file accessible; full-text/structure scanned,High (100% file bytes parsed; rapid systematic text/structure scan)
_ELITE_Healthcare_Intelligence_Report_17_Roles_150_Data_Points_Analyzed.html,17 hospital workforce roles and patient/system layer (no single company case study),Healthcare workforce/system intelligence,"2,200 words (31.2 KB)",Complete file accessible; full-text/structure scanned,High (100% file bytes parsed; rapid systematic text/structure scan)
_ELITE_Healthcare_Intelligence_Report_17_Roles_151_Data_Points_Analyzed.html,17 hospital workforce roles and patient/system layer (no single company case study),Healthcare workforce/system intelligence,"3,533 words (42.3 KB)",Complete file accessible; full-text/structure scanned,High (100% file bytes parsed; rapid systematic text/structure scan)
_ELITE_Healthcare_Intelligence_Report_17_Roles_152_Data_Points_Analyzed.html,17 hospital workforce roles and patient/system layer (no single company case study),Healthcare workforce/system intelligence,"3,970 words (52.8 KB)",Complete file accessible; full-text/structure scanned,High (100% file bytes parsed; rapid systematic text/structure scan)
_ELITE_Healthcare_Intelligence_Report_17_Roles_153_Data_Points_Analyzed.html,17 hospital workforce roles and patient/system layer (no single company case study),Healthcare workforce/system intelligence,"4,242 words (47.9 KB)",Complete file accessible; full-text/structure scanned,High (100% file bytes parsed; rapid systematic text/structure scan)
_ELITE_Healthcare_Intelligence_Report_17_Roles_155_Data_Points_Analyzed.html,17 hospital workforce roles and patient/system layer (no single company case study),Healthcare workforce/system intelligence,"4,374 words (50.7 KB)",Complete file accessible; full-text/structure scanned,High (100% file bytes parsed; rapid systematic text/structure scan)
_ELITE_Healthcare_Intelligence_Report_17_Roles_161_Data_Points_Analyzed.html,17 hospital workforce roles and patient/system layer (no single company case study),Healthcare workforce/system intelligence,"3,103 words (38.3 KB)",Complete file accessible; full-text/structure scanned,High (100% file bytes parsed; rapid systematic text/structure scan)
_ELITE_Healthcare_Intelligence_Report_17_Roles_165_Data_Points_Analyzed.html,17 hospital workforce roles and patient/system layer (no single company case study),Healthcare workforce/system intelligence,"3,409 words (46.3 KB)",Complete file accessible; full-text/structure scanned,High (100% file bytes parsed; rapid systematic text/structure scan)
_ELITE_Healthcare_Intelligence_Report_17_Roles_166_Data_Points_Analyzed.html,17 hospital workforce roles and patient/system layer (no single company case study),Healthcare workforce/system intelligence,"2,792 words (33.0 KB)",Complete file accessible; full-text/structure scanned,High (100% file bytes parsed; rapid systematic text/structure scan)
_ELITE_Healthcare_Intelligence_Report_17_Roles_2829_Data_Points_Analyzed.md,17 hospital workforce roles and patient/system layer (no single company case study),Healthcare workforce/system intelligence,"9,699 words (69.2 KB)",Complete file accessible; full-text/structure scanned,High (100% file bytes parsed; rapid systematic text/structure scan)
_ELITE_Healthcare_Intelligence_Report_17_Roles_4176_Data_Points_Analyzed.html,17 hospital workforce roles and patient/system layer (no single company case study),Healthcare workforce/system intelligence,"10,879 words (99.6 KB)",Complete file accessible; full-text/structure scanned,High (100% file bytes parsed; rapid systematic text/structure scan)
_ELITE_Healthcare_Intelligence_Report_17_Roles_470_Data_Points_Analyzed.html,17 hospital workforce roles and patient/system layer (no single company case study),Healthcare workforce/system intelligence,"4,476 words (48.5 KB)",Complete file accessible; full-text/structure scanned,High (100% file bytes parsed; rapid systematic text/structure scan)
_ELITE_Healthcare_Intelligence_Report_17_Roles_606_Data_Points_Analyzed.html,17 hospital workforce roles and patient/system layer (no single company case study),Healthcare workforce/system intelligence,"9,071 words (82.6 KB)",Complete file accessible; full-text/structure scanned,High (100% file bytes parsed; rapid systematic text/structure scan)
_Hospital_Questionnaire_Google_Form_Generator_Script_Ready.md,Hospital workflow questionnaire,Hospital workflow questionnaire/script,199 words (1.4 KB),Complete file accessible; full-text/structure scanned,High (100% file bytes parsed; rapid systematic text/structure scan)
