rank,tier,platform_id,name,company,website,categories,sector,country,deployment_footprint,source_type,abdm_certified,abdm_integrated_date,abdm_expiry,abdm_listings,security_audit_cert,govt_product_rating,score_market_importance,score_automation_potential,score_api_quality,score_ui_automation,score_fhir_readiness,score_security,score_integration_difficulty,score_maintenance_burden,score_strategic_importance,recommended_priority,confidence,last_verified,evidence,notes
1,P0,IN-abha-abdm-core-hfr-hpr-hie-cm,"ABHA / ABDM core (HFR, HPR, HIE-CM)",National Health Authority,https://abdm.gov.in,National Infra,government,India,NATIONAL,CURATED,False,,,0,False,,10,8.6,10,6,10,4,1,5,8.1,8.8,VERIFIED,2026-07-25,https://abdm.gov.in/our-partners,National registries + consent manager. FHIR R4 based. M1/M2/M3 milestones. Mandatory-in-practice for AB-PMJAY empanelled hospitals. THE integration substrate for every Indian adapter.
2,P0,IN-cdac,CDAC,CDAC,https://www.cdac.in/index.aspx?id=noida,Connectors|HMIS,government,India,NATIONAL,ABDM_REGISTRY,True,2021-06-28,2025-02-28,1,False,4.0,10,6.2,4,8,8,5,5.4,5.4,8.4,8.5,VERIFIED,2026-07-25,https://abdm.gov.in/strapicms/api/our-partners  (ABDM official partner registry API),
3,P0,IN-practo,Practo,Practo,https://healthrx.co.in/,HMIS,private,India,LARGE,ABDM_REGISTRY,True,2023-04-03,,1,False,3.5,9.0,7.1,6,8,8,5,4.2,5.4,8.0,8.1,VERIFIED,2026-07-25,https://abdm.gov.in/strapicms/api/our-partners  (ABDM official partner registry API),
4,P0,IN-nic,NIC,NIC,https://ehospital.gov.in/ehospitalsso/,HMIS,government,India,NATIONAL,ABDM_REGISTRY,True,2020-12-13,,1,False,,10,6.2,4,8,8,5,5.4,5.4,7.4,7.9,VERIFIED,2026-07-25,https://abdm.gov.in/strapicms/api/our-partners  (ABDM official partner registry API),
5,P0,IN-karexpert,KareXpert,KareXpert,https://www.karexpert.com/,HMIS,private,India,LARGE,ABDM_REGISTRY,True,2023-06-30,2024-08-17,1,False,,9.0,7.1,6,8,8,5,4.2,5.4,7.1,7.5,VERIFIED,2026-07-25,https://abdm.gov.in/strapicms/api/our-partners  (ABDM official partner registry API),
6,P0,IN-e-hospital-nextgen-e-hmis,e-Hospital / NextGen e-HMIS,National Informatics Centre (NIC),https://ehospital.gov.in,HMIS,government,India,NATIONAL,CURATED,False,,,0,False,,10,4.7,4,6,4,4,7.0,5,6.9,7.4,VERIFIED,2026-07-25,https://www.barandbench.com/news/delhi-high-court-directs-surprise-audit-of-government-hospitals-over-implementation-of-nextgen-e-hmis-portal,NIC's national govt HMIS; ABDM-registered partner. NextGen e-HMIS under active rollout in 38 Delhi govt hospitals; Delhi HC ordered NIC surprise audit Jul 2026 over inconsistent implementation - indicates real deployment but uneven data quality.
7,P0,IN-e-sushrut,e-Sushrut,C-DAC Noida (Govt of India),https://www.cdac.in,HMIS,government,India,NATIONAL,CURATED,False,,,0,False,,10,4.7,4,6,4,4,7.0,5,6.9,7.4,VERIFIED,2026-07-25,https://www.pib.gov.in/PressReleseDetailm.aspx?PRID=2156603,"Flagship govt HMIS. In use at 17 AIIMS and 4,000+ health facilities (PIB, Aug 2025). Statewide Maharashtra: 847 facilities live, expanding to 2,667 incl. PHCs. Strong Rajasthan presence."
8,P0,IN-healthplix,HealthPlix,HealthPlix,https://healthplix.com/,HMIS,private,India,LARGE,ABDM_REGISTRY,True,2023-12-19,2024-12-31,1,True,,9.0,6.7,5,8,8,7,4.8,5.4,7.0,7.4,VERIFIED,2026-07-25,https://abdm.gov.in/strapicms/api/our-partners  (ABDM official partner registry API),
9,P0,IN-bahmni,Bahmni,Bahmni Coalition (orig. ThoughtWorks),https://www.bahmni.org,HMIS,open-source,India/Global,LARGE,CURATED,False,,,0,False,,8.0,8.7,9,8,9,4,2.0,5,7.0,7.4,VERIFIED,2026-07-25,https://www.bahmni.org/faq,"Open-source HIS distribution bundling OpenMRS (EMR), OpenELIS (LIS), Odoo/ERPNext (ERP/billing), dcm4chee (PACS). REST APIs + Atom feeds. Used at JSS Bilaspur, other Indian NGO/charitable hospitals."
10,P0,IN-openmrs,OpenMRS,OpenMRS Inc. (community),https://openmrs.org,EMR,open-source,Global,LARGE,CURATED,False,,,0,False,,7.6,8.7,9,8,9,4,2.0,5,6.8,7.2,VERIFIED,2026-07-25,https://openmrs.org,"Java/Spring/Hibernate + MySQL EMR platform; REST + FHIR modules. Backend of Bahmni. 8,000+ sites, 40+ countries (secondary est.)."
11,P0,IN-medixcel-emr-his,Medixcel EMR & HIS,Plus91 Technologies,https://www.medixcel.in,HMIS,private,India,LARGE,CURATED,False,,,0,False,,8.0,6.7,6,8,6,4,5.0,5,6.4,6.7,VERIFIED,2026-07-25,https://abdm.gov.in/our-partners,"Plus91 is ABDM-certified (govt product rating 4.3, Hospital HMIS) and listed as an ABDM technical integrator. Medixcel appears in integrator list across Hospital HMIS / Clinic HMIS / LMIS categories."
12,P0,IN-nhcx,NHCX,National Health Authority,https://nhcx.abdm.gov.in,Insurance Exchange,government,India,NATIONAL,CURATED,False,,,0,False,,7.0,8.1,9,6,10,4,1.6,5,6.3,6.7,VERIFIED,2026-07-25,https://abdm.gov.in/our-partners,National Health Claims Exchange. 34 ABDM partners already in NHCX category. FHIR-based claims.
13,P0,IN-dcm4chee,dcm4chee,dcm4che open-source project,https://www.dcm4che.org,RIS/PACS,open-source,Global,LARGE,CURATED,False,,,0,False,,6.4,8.7,9,8,9,4,2.0,5,6.1,6.4,VERIFIED,2026-07-25,https://www.dcm4che.org,Open-source DICOM archive; PACS layer inside Bahmni and many Indian budget deployments. Fully scriptable DICOM C-FIND/C-MOVE/STOW-RS.
14,P0,IN-attune-his-lis,Attune HIS/LIS,Attune Technologies,https://www.attunelive.com,HMIS,private,India,LARGE,CURATED,False,,,0,False,,8.0,4.1,2,8,2,4,9.0,5,5.6,5.9,INFERRED,2026-07-25,https://www.attunelive.com,Enterprise HIS + strong LIS/diagnostic-chain footprint. Hybrid cloud/on-prem.
15,P0,IN-insta-hms,Insta HMS,Practo Technologies,https://www.insta.practo.com,HMIS,private,India,LARGE,CURATED,False,,,0,False,,8.0,4.1,2,8,2,4,9.0,5,5.6,5.9,VERIFIED,2026-07-25,https://abdm.gov.in/our-partners,"Cloud HIS for hospitals/clinic chains. Practo group. Practo separately ABDM-certified (healthrx.co.in), govt product rating 3.5."
16,P1,IN-creliohealth,CrelioHealth,CrelioHealth (Livehealth),https://creliohealth.com,LMIS,private,India,LARGE,CURATED,False,,,0,False,,6.4,7.3,7,8,7,4,4.0,5,5.7,5.9,VERIFIED,2026-07-25,https://abdm.gov.in/our-partners,ABDM technical integrator (LMIS category). Major Indian diagnostic-lab SaaS; strong API surface.
17,P1,IN-e-sushrut-clinic,e-Sushrut@Clinic,C-DAC Noida / NHA,https://www.cdac.in,HMIS,government,India,LARGE,CURATED,False,,,0,False,,8.0,3.4,2,6,2,4,9.0,5,5.4,5.7,VERIFIED,2026-07-25,https://www.pib.gov.in/PressReleseDetailm.aspx?PRID=2156603,"Light cloud HMIS launched Jun 2026 by Union Health Minister. Rs499/mo for 5 users (Rs299 after NHA subsidy). 800+ facilities onboarded. HPR/HFR gated onboarding. Targets PHCs, HWCs, sub-centres, private clinics."
18,P1,IN-drucare-private,Drucare Private Limited,Drucare Private Limited,https://www.dru.care/,HMIS|LMIS|Pharmacy,private,India,UNKNOWN,ABDM_REGISTRY,True,2022-04-22,,1,False,4.5,4.0,6.7,5,8,8,5,4.8,3.4,5.3,4.9,VERIFIED,2026-07-25,https://abdm.gov.in/strapicms/api/our-partners  (ABDM official partner registry API),
19,P1,IN-orbi-health-private,Orbi Health Private Limited,Orbi Health Private Limited,https://www.eka.care/,Connectors|HMIS|Health Locker|PHR App,private,India,UNKNOWN,ABDM_REGISTRY,True,2021-10-18,2025-05-21,2,False,4.5,4.0,6.7,5,8,8,5,4.8,3.4,5.3,4.9,VERIFIED,2026-07-25,https://abdm.gov.in/strapicms/api/our-partners  (ABDM official partner registry API),
20,P1,IN-plus-91,Plus 91,Plus 91,https://plus91.in/,HMIS|Health Locker|NHCX|PHR App,private,India,UNKNOWN,ABDM_REGISTRY,True,2021-05-18,2025-05-15,3,True,4.3,4.0,6.7,5,8,8,7,4.8,3.4,5.3,4.9,VERIFIED,2026-07-25,https://abdm.gov.in/strapicms/api/our-partners  (ABDM official partner registry API),
21,P1,IN-yro-systems-pvt,Yro Systems Pvt Ltd,Yro Systems Pvt Ltd,https://mocdoc.in,HMIS|LMIS,private,India,UNKNOWN,ABDM_REGISTRY,True,2023-02-20,,2,False,4.4,4.0,6.7,5,8,8,5,4.8,3.4,5.3,4.9,VERIFIED,2026-07-25,https://abdm.gov.in/strapicms/api/our-partners  (ABDM official partner registry API),
22,P1,IN-bajaj-finserv-health,Bajaj Finserv Health,Bajaj Finserv Health, https://www.bajajfinservhealth.in,HMIS|Health Locker|Health Tech|PHR App,private,India,UNKNOWN,ABDM_REGISTRY,True,2021-10-21,2025-03-27,2,True,4.0,4.0,6.7,5,8,8,7,4.8,3.4,5.2,4.8,VERIFIED,2026-07-25,https://abdm.gov.in/strapicms/api/our-partners  (ABDM official partner registry API),
23,P1,IN-dhanush-healthcare-systems-private,Dhanush Healthcare Systems Private Limited,Dhanush Healthcare Systems Private Limited,https://www.dhanushhealthcare.com/,HMIS|LMIS,private,India,UNKNOWN,ABDM_REGISTRY,True,2023-12-19,,2,True,4.0,4.0,6.7,5,8,8,7,4.8,3.4,5.2,4.8,VERIFIED,2026-07-25,https://abdm.gov.in/strapicms/api/our-partners  (ABDM official partner registry API),
24,P1,IN-hodo-medical-informatic-solutions-private,HODO Medical Informatic Solutions Private Limited,HODO Medical Informatic Solutions Private Limited,https://hodo.in,HMIS|LMIS,private,India,UNKNOWN,ABDM_REGISTRY,True,2022-10-03,,1,False,4.1,4.0,6.7,5,8,8,5,4.8,3.4,5.2,4.8,VERIFIED,2026-07-25,https://abdm.gov.in/strapicms/api/our-partners  (ABDM official partner registry API),
25,P1,IN-healthray-technologies-pvt,Healthray Technologies Pvt. Ltd.,Healthray Technologies Pvt. Ltd.,https://healthray.com,HMIS,private,India,UNKNOWN,ABDM_REGISTRY,True,2023-08-31,2024-12-31,1,False,3.6,4.0,6.7,5,8,8,5,4.8,3.4,5.1,4.8,VERIFIED,2026-07-25,https://abdm.gov.in/strapicms/api/our-partners  (ABDM official partner registry API),
26,P1,IN-nice-hms,NICE-HMS,NICE-HMS,https://www.nicehms.com/,HMIS,microsites,India,UNKNOWN,ABDM_REGISTRY,True,2022-07-27,,1,False,3.5,4.0,6.7,5,8,8,5,4.8,3.4,5.1,4.8,VERIFIED,2026-07-25,https://abdm.gov.in/strapicms/api/our-partners  (ABDM official partner registry API),
27,P1,IN-caresoft-his,Caresoft HIS,Caresoft Systems Pvt Ltd,https://www.caresoft.co.in,HMIS,private,India,MID,CURATED,False,,,0,False,,6.0,4.1,2,8,2,4,9.0,3,4.5,4.6,INFERRED,2026-07-25,https://www.inven.ai/company-lists/top-22-hospital-management-software-companies,"Thane, Maharashtra. Founded 2007, 51-200 staff. Strong Mumbai-region presence."
28,P1,IN-drlogy,Drlogy,Drlogy,https://drlogy.com,HMIS,private,India,MID,CURATED,False,,,0,False,,6.0,4.1,2,8,2,4,9.0,3,4.5,4.6,INFERRED,2026-07-25,https://technologycounter.com/hospital-management-software,"Clinic/hospital/lab software, very large SMB long-tail reach in India."
29,P1,IN-ezovion-hims,Ezovion HIMS,Ezovion Solutions,https://www.ezovion.com,HMIS,private,India,MID,CURATED,False,,,0,False,,6.0,4.1,2,8,2,4,9.0,3,4.5,4.6,INFERRED,2026-07-25,https://technologycounter.com/hospital-management-software,Cloud HIMS for clinics/mid hospitals.
30,P1,IN-halemind,Halemind,Halemind (MocDoc ecosystem adjacent),https://www.halemind.com,HMIS,private,India,MID,CURATED,False,,,0,False,,6.0,4.1,2,8,2,4,9.0,3,4.5,4.6,INFERRED,2026-07-25,https://technologycounter.com/hospital-management-software,"Cloud HMS, mid-market. Highly rated on Indian review directories."
31,P1,IN-napier-his,Napier HIS,Napier Healthcare Solutions,https://www.napierhealthcare.com,HMIS,private,Singapore/India,MID,CURATED,False,,,0,False,,6.0,4.1,2,8,2,4,9.0,3,4.5,4.6,INFERRED,2026-07-25,https://www.inven.ai/company-lists/top-22-hospital-management-software-companies,"Founded 1996, Singapore HQ, India delivery. Enterprise HIS, AI analytics."
32,P1,IN-softclinic-genx,SoftClinic GenX,JVS Technologies (JVS Group),https://www.softclinicsoftware.com,HMIS,private,India,MID,CURATED,False,,,0,False,,6.0,4.1,2,8,2,4,9.0,3,4.5,4.6,INFERRED,2026-07-25,https://www.inven.ai/company-lists/top-22-hospital-management-software-companies,"Ahmedabad-based, founded 2002. Clinic-origin, now full OPD/IPD/billing/pharmacy/lab/radiology. Claimed 1,500+ doctors, 30+ countries (vendor claim)."
33,P1,IN-drcfo-management-consultants-private,DRCFO MANAGEMENT CONSULTANTS PRIVATE LIMITED,DRCFO MANAGEMENT CONSULTANTS PRIVATE LIMITED,https://drcfo.in,HMIS,private,India,UNKNOWN,ABDM_REGISTRY,True,2023-05-15,2025-03-23,1,False,2.5,4.0,6.7,5,8,8,5,4.8,3.4,4.8,4.6,VERIFIED,2026-07-25,https://abdm.gov.in/strapicms/api/our-partners  (ABDM official partner registry API),
34,P1,IN-eaushadhi,eAushadhi,C-DAC / MoHFW,https://eaushadhi.gov.in,Pharmacy/SCM,government,India,NATIONAL,CURATED,False,,,0,False,,6.0,3.4,2,6,2,4,9.0,5,4.3,4.5,VERIFIED,2026-07-25,https://www.cdac.gov.in/index.aspx?id=print_page&print=achieve_health_informatics,Drug supply-chain management used by state health depts for warehouse-to-facility drug logistics.
35,P1,IN-connection-loops-pvt,Connection Loops Pvt Ltd.,Connection Loops Pvt Ltd.,https://www.connectionloops.com/,LMIS,private,India,UNKNOWN,ABDM_REGISTRY,True,2023-02-20,2025-03-29,1,False,3.9,3.4,6.7,5,8,8,5,4.8,3.4,4.9,4.5,VERIFIED,2026-07-25,https://abdm.gov.in/strapicms/api/our-partners  (ABDM official partner registry API),
36,P1,IN-a-hmis,A-HMIS,A-HMIS,https://ehr.ayush.gov.in/home,HMIS,government,India,UNKNOWN,ABDM_REGISTRY,True,2023-01-05,,1,False,,4.0,6.7,5,8,8,5,4.8,3.4,4.2,4.2,VERIFIED,2026-07-25,https://abdm.gov.in/strapicms/api/our-partners  (ABDM official partner registry API),
37,P1,IN-aciana-health-technologies-india-private,ACIANA HEALTH TECHNOLOGIES INDIA PRIVATE LIMITED,ACIANA HEALTH TECHNOLOGIES INDIA PRIVATE LIMITED,https://www.aciana.com/,HMIS,private,India,UNKNOWN,ABDM_REGISTRY,True,2026-04-27,,1,False,,4.0,6.7,5,8,8,5,4.8,3.4,4.2,4.2,VERIFIED,2026-07-25,https://abdm.gov.in/strapicms/api/our-partners  (ABDM official partner registry API),
38,P1,IN-acutech-solutions-private,ACUTECH SOLUTIONS PRIVATE LIMITED,ACUTECH SOLUTIONS PRIVATE LIMITED,https://hims.imedisuites.com/,HMIS,private,India,UNKNOWN,ABDM_REGISTRY,True,2026-04-15,,1,False,,4.0,6.7,5,8,8,5,4.8,3.4,4.2,4.2,VERIFIED,2026-07-25,https://abdm.gov.in/strapicms/api/our-partners  (ABDM official partner registry API),
39,P1,IN-aireach-medtech-private,AIREACH MedTech Private Limited,AIREACH MedTech Private Limited,www.reachaimedtech.com,HMIS,private,India,UNKNOWN,ABDM_REGISTRY,True,2026-06-14,,2,False,,4.0,6.7,5,8,8,5,4.8,3.4,4.2,4.2,VERIFIED,2026-07-25,https://abdm.gov.in/strapicms/api/our-partners  (ABDM official partner registry API),
40,P1,IN-apleixa-technologies-private,APLEIXA TECHNOLOGIES PRIVATE LIMITED,APLEIXA TECHNOLOGIES PRIVATE LIMITED,https://www.apleixatechnologies.com/,HMIS,private,India,UNKNOWN,ABDM_REGISTRY,True,2026-05-28,,1,False,,4.0,6.7,5,8,8,5,4.8,3.4,4.2,4.2,VERIFIED,2026-07-25,https://abdm.gov.in/strapicms/api/our-partners  (ABDM official partner registry API),
41,P1,IN-arinsta-private,ARINSTA PRIVATE LIMITED,ARINSTA PRIVATE LIMITED,https://www.instaitservices.com,HMIS|LMIS|Pharmacy,private,India,UNKNOWN,ABDM_REGISTRY,True,2026-03-30,,1,False,,4.0,6.7,5,8,8,5,4.8,3.4,4.2,4.2,VERIFIED,2026-07-25,https://abdm.gov.in/strapicms/api/our-partners  (ABDM official partner registry API),
42,P1,IN-axonic-health-private,AXONIC HEALTH PRIVATE LIMITED,AXONIC HEALTH PRIVATE LIMITED,https://axonichealth.com/,HMIS,private,India,UNKNOWN,ABDM_REGISTRY,True,2025-01-23,,1,False,,4.0,6.7,5,8,8,5,4.8,3.4,4.2,4.2,VERIFIED,2026-07-25,https://abdm.gov.in/strapicms/api/our-partners  (ABDM official partner registry API),
43,P1,IN-akhil-systems-pvt,Akhil Systems Pvt Ltd,Akhil Systems Pvt Ltd,https://akhilsystems.com,HMIS,private,India,UNKNOWN,ABDM_REGISTRY,True,2024-10-11,,1,False,,4.0,6.7,5,8,8,5,4.8,3.4,4.2,4.2,VERIFIED,2026-07-25,https://abdm.gov.in/strapicms/api/our-partners  (ABDM official partner registry API),
44,P1,IN-algoflow-ai-private,Algoflow AI Private Limited,Algoflow AI Private Limited,https://algoflowai.com,HMIS,private,India,UNKNOWN,ABDM_REGISTRY,True,2026-06-11,,1,False,,4.0,6.7,5,8,8,5,4.8,3.4,4.2,4.2,VERIFIED,2026-07-25,https://abdm.gov.in/strapicms/api/our-partners  (ABDM official partner registry API),
45,P1,IN-amrita,Amrita Technologies,Amrita Technologies,https://www.amritatech.com,HMIS,private,India,UNKNOWN,ABDM_REGISTRY,True,2024-01-08,2024-11-30,1,False,,4.0,6.7,5,8,8,5,4.8,3.4,4.2,4.2,VERIFIED,2026-07-25,https://abdm.gov.in/strapicms/api/our-partners  (ABDM official partner registry API),
46,P1,IN-aosta-india-private,Aosta India Private Limited,Aosta India Private Limited,https://www.aostasoftware.com,HMIS,private,India,UNKNOWN,ABDM_REGISTRY,True,2025-12-22,,1,False,,4.0,6.7,5,8,8,5,4.8,3.4,4.2,4.2,VERIFIED,2026-07-25,https://abdm.gov.in/strapicms/api/our-partners  (ABDM official partner registry API),
47,P1,IN-apollo-hospital,Apollo hospital,Apollo hospital,https://www.apollohospitals.com/,HMIS,private,India,UNKNOWN,ABDM_REGISTRY,True,2021-05-03,2024-05-31,1,False,,4.0,6.7,5,8,8,5,4.8,3.4,4.2,4.2,VERIFIED,2026-07-25,https://abdm.gov.in/strapicms/api/our-partners  (ABDM official partner registry API),
48,P1,IN-argusoft-india,ArguSoft India Limited,ArguSoft India Limited,https://abdmconnector.argusservices.in/,Connectors|HMIS,private,India,UNKNOWN,ABDM_REGISTRY,True,2025-03-14,,1,False,,4.0,6.7,5,8,8,5,4.8,3.4,4.2,4.2,VERIFIED,2026-07-25,https://abdm.gov.in/strapicms/api/our-partners  (ABDM official partner registry API),
49,P1,IN-artem-healthtech-private,Artem HealthTech Private Limited,Artem HealthTech Private Limited,https://www.artemhealthtech.com,HMIS,private,India,UNKNOWN,ABDM_REGISTRY,True,2024-02-06,2025-02-28,1,True,,4.0,6.7,5,8,8,7,4.8,3.4,4.2,4.2,VERIFIED,2026-07-25,https://abdm.gov.in/strapicms/api/our-partners  (ABDM official partner registry API),
50,P1,IN-asmi-global-softwares-opc-pvt,Asmi Global Softwares (OPC) Pvt Ltd,Asmi Global Softwares (OPC) Pvt Ltd,https://www.asmiglobalsoftwares.com,HMIS,private,India,UNKNOWN,ABDM_REGISTRY,True,2024-10-09,,1,False,,4.0,6.7,5,8,8,5,4.8,3.4,4.2,4.2,VERIFIED,2026-07-25,https://abdm.gov.in/strapicms/api/our-partners  (ABDM official partner registry API),
51,P2,IN-asuun-wellness-pvt,Asuun Wellness Pvt. Ltd,Asuun Wellness Pvt. Ltd,https://mydigirecords.ai/,HMIS,private,India,UNKNOWN,ABDM_REGISTRY,True,2025-06-27,,1,False,,4.0,6.7,5,8,8,5,4.8,3.4,4.2,4.2,VERIFIED,2026-07-25,https://abdm.gov.in/strapicms/api/our-partners  (ABDM official partner registry API),
52,P2,IN-athma-healthtech-pvt,Athma Healthtech Pvt Limited,Athma Healthtech Pvt Limited,https://athma.health/saas,HMIS|Health Tech,private,India,UNKNOWN,ABDM_REGISTRY,True,2022-10-17,,2,False,,4.0,6.7,5,8,8,5,4.8,3.4,4.2,4.2,VERIFIED,2026-07-25,https://abdm.gov.in/strapicms/api/our-partners  (ABDM official partner registry API),
53,P2,IN-auroitech-digital-solutions-foundation,Auroitech Digital Solutions Foundation,Auroitech Digital Solutions Foundation,https://auroitech.org/,HMIS,private,India,UNKNOWN,ABDM_REGISTRY,True,2026-07-15,,1,False,,4.0,6.7,5,8,8,5,4.8,3.4,4.2,4.2,VERIFIED,2026-07-25,https://abdm.gov.in/strapicms/api/our-partners  (ABDM official partner registry API),
54,P2,IN-biosoft-health-tech-pvt,BIOSOFT HEALTH TECH PVT LTD,BIOSOFT HEALTH TECH PVT LTD,https://www.biosoftltd.com,HMIS,private,India,UNKNOWN,ABDM_REGISTRY,True,2025-05-29,,1,False,,4.0,6.7,5,8,8,5,4.8,3.4,4.2,4.2,VERIFIED,2026-07-25,https://abdm.gov.in/strapicms/api/our-partners  (ABDM official partner registry API),
55,P2,IN-bs-infosystems-and-solutions-private,BS Infosystems And Solutions Private Limited,BS Infosystems And Solutions Private Limited,https://www.bsissoftware.com/,HMIS,private,India,UNKNOWN,ABDM_REGISTRY,True,2026-01-27,,1,False,,4.0,6.7,5,8,8,5,4.8,3.4,4.2,4.2,VERIFIED,2026-07-25,https://abdm.gov.in/strapicms/api/our-partners  (ABDM official partner registry API),
56,P2,IN-bavya-health-services-private,Bavya Health Services Private Limited,Bavya Health Services Private Limited,https://bhspl.in/,HMIS,private,India,UNKNOWN,ABDM_REGISTRY,True,2026-06-10,,1,False,,4.0,6.7,5,8,8,5,4.8,3.4,4.2,4.2,VERIFIED,2026-07-25,https://abdm.gov.in/strapicms/api/our-partners  (ABDM official partner registry API),
57,P2,IN-bharuwa-solutions-pvt,Bharuwa Solutions Pvt Ltd,Bharuwa Solutions Pvt Ltd,https://www.bharuwasolutions.com/,HMIS,private,India,UNKNOWN,ABDM_REGISTRY,True,2024-11-22,,1,False,,4.0,6.7,5,8,8,5,4.8,3.4,4.2,4.2,VERIFIED,2026-07-25,https://abdm.gov.in/strapicms/api/our-partners  (ABDM official partner registry API),
58,P2,IN-byepo,Byepo Technologies,Byepo Technologies,https://byepo.com/,HMIS|Health Tech,private,India,UNKNOWN,ABDM_REGISTRY,True,2023-09-18,2024-06-30,1,False,,4.0,6.7,5,8,8,5,4.8,3.4,4.2,4.2,VERIFIED,2026-07-25,https://abdm.gov.in/strapicms/api/our-partners  (ABDM official partner registry API),
59,P2,IN-c-u-shah-medical-college-hospital,C U Shah Medical College & Hospital,C U Shah Medical College & Hospital,https://www.cusmc.org/ ,HMIS,private,India,UNKNOWN,ABDM_REGISTRY,True,2024-12-31,,1,False,,4.0,6.7,5,8,8,5,4.8,3.4,4.2,4.2,VERIFIED,2026-07-25,https://abdm.gov.in/strapicms/api/our-partners  (ABDM official partner registry API),
60,P2,IN-catalyst-software,CATALYST SOFTWARE,CATALYST SOFTWARE,https://catalystsoftware.in,HMIS,private,India,UNKNOWN,ABDM_REGISTRY,True,2026-04-07,,1,False,,4.0,6.7,5,8,8,5,4.8,3.4,4.2,4.2,VERIFIED,2026-07-25,https://abdm.gov.in/strapicms/api/our-partners  (ABDM official partner registry API),
61,P2,IN-cdac-noida,CDAC Noida,CDAC Noida,https://ehmis-lite.in ,HMIS,government,India,UNKNOWN,ABDM_REGISTRY,True,2024-09-17,,1,False,,4.0,6.7,5,8,8,5,4.8,3.4,4.2,4.2,VERIFIED,2026-07-25,https://abdm.gov.in/strapicms/api/our-partners  (ABDM official partner registry API),
62,P2,IN-chipsy-information-technology-services-private,CHIPSY INFORMATION TECHNOLOGY SERVICES PRIVATE LIMITED,CHIPSY INFORMATION TECHNOLOGY SERVICES PRIVATE LIMITED,https://www.chipsyservices.com/,Connectors|HMIS|Health Tech|NHCX,unknown,India,UNKNOWN,ABDM_REGISTRY,True,2024-08-23,,1,False,,4.0,6.7,5,8,8,5,4.8,3.4,4.2,4.2,VERIFIED,2026-07-25,https://abdm.gov.in/strapicms/api/our-partners  (ABDM official partner registry API),
63,P2,IN-curebay-technologies-private,CUREBAY TECHNOLOGIES PRIVATE LIMITED,CUREBAY TECHNOLOGIES PRIVATE LIMITED,https://curebay.com/,Connectors|HMIS|Health Tech,private,India,UNKNOWN,ABDM_REGISTRY,True,2025-06-30,,1,False,,4.0,6.7,5,8,8,5,4.8,3.4,4.2,4.2,VERIFIED,2026-07-25,https://abdm.gov.in/strapicms/api/our-partners  (ABDM official partner registry API),
64,P2,IN-clinally-mpower-health,Clinally mPower Health,Clinally mPower Health,https://www.clinally.com/,HMIS,microsites,India,UNKNOWN,ABDM_REGISTRY,True,2022-12-21,,1,False,,4.0,6.7,5,8,8,5,4.8,3.4,4.2,4.2,VERIFIED,2026-07-25,https://abdm.gov.in/strapicms/api/our-partners  (ABDM official partner registry API),
65,P2,IN-cliniq360-pvt,CliniQ360 Pvt. Ltd.,CliniQ360 Pvt. Ltd.,https://www.cliniq360.com,HMIS,private,India,UNKNOWN,ABDM_REGISTRY,True,2025-03-10,,1,False,,4.0,6.7,5,8,8,5,4.8,3.4,4.2,4.2,VERIFIED,2026-07-25,https://abdm.gov.in/strapicms/api/our-partners  (ABDM official partner registry API),
66,P2,IN-codepro-management-private,Codepro Management Private Limited,Codepro Management Private Limited,https://codepromanagement.com/,HMIS,private,India,UNKNOWN,ABDM_REGISTRY,True,2026-04-07,,1,False,,4.0,6.7,5,8,8,5,4.8,3.4,4.2,4.2,VERIFIED,2026-07-25,https://abdm.gov.in/strapicms/api/our-partners  (ABDM official partner registry API),
67,P2,IN-compune-digital-solutions-pvt,Compune Digital Solutions Pvt Ltd,Compune Digital Solutions Pvt Ltd,https://aran.care,HMIS,private,India,UNKNOWN,ABDM_REGISTRY,True,2025-09-29,,1,False,,4.0,6.7,5,8,8,5,4.8,3.4,4.2,4.2,VERIFIED,2026-07-25,https://abdm.gov.in/strapicms/api/our-partners  (ABDM official partner registry API),
68,P2,IN-copious-healthcare-india-pvt,Copious Healthcare India Pvt Ltd,Copious Healthcare India Pvt Ltd,https://www.copious.care/,HMIS|Health Tech,private,India,UNKNOWN,ABDM_REGISTRY,True,2023-11-08,2024-09-30,1,False,,4.0,6.7,5,8,8,5,4.8,3.4,4.2,4.2,VERIFIED,2026-07-25,https://abdm.gov.in/strapicms/api/our-partners  (ABDM official partner registry API),
69,P2,IN-cordelia-technology-private,Cordelia Technology Private Limited,Cordelia Technology Private Limited,https://www.cordeliatech.com ,HMIS,private,India,UNKNOWN,ABDM_REGISTRY,True,2025-11-10,,1,False,,4.0,6.7,5,8,8,5,4.8,3.4,4.2,4.2,VERIFIED,2026-07-25,https://abdm.gov.in/strapicms/api/our-partners  (ABDM official partner registry API),
70,P2,IN-core5-systems-and-services-private,Core5 Systems and Services Private Limited,Core5 Systems and Services Private Limited,https://core5.co.in,HMIS,private,India,UNKNOWN,ABDM_REGISTRY,True,2026-01-20,,1,False,,4.0,6.7,5,8,8,5,4.8,3.4,4.2,4.2,VERIFIED,2026-07-25,https://abdm.gov.in/strapicms/api/our-partners  (ABDM official partner registry API),
71,P2,IN-cottonsoil-healthcare-tech-pvt,Cottonsoil Healthcare Tech Pvt Ltd,Cottonsoil Healthcare Tech Pvt Ltd,https://www.cottonsoil.com/,HMIS,private,India,UNKNOWN,ABDM_REGISTRY,True,2025-11-28,,1,False,,4.0,6.7,5,8,8,5,4.8,3.4,4.2,4.2,VERIFIED,2026-07-25,https://abdm.gov.in/strapicms/api/our-partners  (ABDM official partner registry API),
72,P2,IN-crane-global-solutions-limited-cgsl,Crane Global Solutions Limited (CGSL),Crane Global Solutions Limited (CGSL),http://www.cgslimited.com/,HMIS,private,India,UNKNOWN,ABDM_REGISTRY,True,2024-12-31,,1,False,,4.0,6.7,5,8,8,5,4.8,3.4,4.2,4.2,VERIFIED,2026-07-25,https://abdm.gov.in/strapicms/api/our-partners  (ABDM official partner registry API),
73,P2,IN-criterion-tech-private,Criterion Tech Private Limited,Criterion Tech Private Limited,https://criteriontechnologies.com/,HMIS,private,India,UNKNOWN,ABDM_REGISTRY,True,2026-05-18,,1,False,,4.0,6.7,5,8,8,5,4.8,3.4,4.2,4.2,VERIFIED,2026-07-25,https://abdm.gov.in/strapicms/api/our-partners  (ABDM official partner registry API),
74,P2,IN-curasync-technologies,Curasync Technologies LLP,Curasync Technologies LLP,https://hms4all.com,HMIS,private,India,UNKNOWN,ABDM_REGISTRY,True,2026-05-25,,1,False,,4.0,6.7,5,8,8,5,4.8,3.4,4.2,4.2,VERIFIED,2026-07-25,https://abdm.gov.in/strapicms/api/our-partners  (ABDM official partner registry API),
75,P2,IN-dalvkot-utility-enterprises-pvt,DALVKOT UTILITY ENTERPRISES PVT LTD,DALVKOT UTILITY ENTERPRISES PVT LTD,https://dalvkot.com/,HMIS,private,India,UNKNOWN,ABDM_REGISTRY,True,2025-09-09,,1,False,,4.0,6.7,5,8,8,5,4.8,3.4,4.2,4.2,VERIFIED,2026-07-25,https://abdm.gov.in/strapicms/api/our-partners  (ABDM official partner registry API),
76,P2,IN-dcdc-health-services-pvt-lt,DCDC Health Services Pvt. Lt,DCDC Health Services Pvt. Lt,https://dcdc.co.in/,HMIS,private,India,UNKNOWN,ABDM_REGISTRY,True,2026-06-03,,1,False,,4.0,6.7,5,8,8,5,4.8,3.4,4.2,4.2,VERIFIED,2026-07-25,https://abdm.gov.in/strapicms/api/our-partners  (ABDM official partner registry API),
77,P2,IN-devenv-tech-private,DEVENV TECH PRIVATE LIMITED,DEVENV TECH PRIVATE LIMITED,https://devenv.tech/,HMIS,private,India,UNKNOWN,ABDM_REGISTRY,True,2026-04-19,,1,False,,4.0,6.7,5,8,8,5,4.8,3.4,4.2,4.2,VERIFIED,2026-07-25,https://abdm.gov.in/strapicms/api/our-partners  (ABDM official partner registry API),
78,P2,IN-driefcase-connect,DRiefcase Connect,DRiefcase Connect,https://www.driefcase.doctor/,HMIS,private,India,UNKNOWN,ABDM_REGISTRY,True,2021-11-07,2025-05-16,1,True,,4.0,6.7,5,8,8,7,4.8,3.4,4.2,4.2,VERIFIED,2026-07-25,https://abdm.gov.in/strapicms/api/our-partners  (ABDM official partner registry API),
79,P2,IN-dataman-computer-systems-pvt,Dataman Computer Systems Pvt. Ltd.,Dataman Computer Systems Pvt. Ltd.,https://dataman.in/,HMIS|Health Locker|PHR App|Pharmacy,private,India,UNKNOWN,ABDM_REGISTRY,True,2024-05-03,2025-04-30,2,False,,4.0,6.7,5,8,8,5,4.8,3.4,4.2,4.2,VERIFIED,2026-07-25,https://abdm.gov.in/strapicms/api/our-partners  (ABDM official partner registry API),
80,P2,IN-datamate-info-solutions,Datamate Info Solutions Limited,Datamate Info Solutions Limited,www.datamateindia.com,HMIS,private,India,UNKNOWN,ABDM_REGISTRY,True,2026-07-02,,1,False,,4.0,6.7,5,8,8,5,4.8,3.4,4.2,4.2,VERIFIED,2026-07-25,https://abdm.gov.in/strapicms/api/our-partners  (ABDM official partner registry API),
81,P2,IN-datasoftline-pvt,Datasoftline Pvt. Ltd.,Datasoftline Pvt. Ltd.,http://www.datasoftline.com/ ,HMIS,private,India,UNKNOWN,ABDM_REGISTRY,True,2026-07-16,,1,False,,4.0,6.7,5,8,8,5,4.8,3.4,4.2,4.2,VERIFIED,2026-07-25,https://abdm.gov.in/strapicms/api/our-partners  (ABDM official partner registry API),
82,P2,IN-department-of-homoeopathy-govt-of-kerala,"Department of Homoeopathy, Govt of Kerala","Department of Homoeopathy, Govt of Kerala",https://homoeopathy.kerala.gov.in,HMIS,government,India,UNKNOWN,ABDM_REGISTRY,True,2025-08-20,,1,False,,4.0,6.7,5,8,8,5,4.8,3.4,4.2,4.2,VERIFIED,2026-07-25,https://abdm.gov.in/strapicms/api/our-partners  (ABDM official partner registry API),
83,P2,IN-destratum-solutions-private,Destratum Solutions Private Limited,Destratum Solutions Private Limited,https://www.healthattai.com/,HMIS,private,India,UNKNOWN,ABDM_REGISTRY,True,2025-04-24,,1,False,,4.0,6.7,5,8,8,5,4.8,3.4,4.2,4.2,VERIFIED,2026-07-25,https://abdm.gov.in/strapicms/api/our-partners  (ABDM official partner registry API),
84,P2,IN-digicare-healthcare-solutions-private,Digicare Healthcare Solutions Private Limited,Digicare Healthcare Solutions Private Limited,https://www.tatvacare.in/,HMIS,private,India,UNKNOWN,ABDM_REGISTRY,True,2022-12-12,,1,False,,4.0,6.7,5,8,8,5,4.8,3.4,4.2,4.2,VERIFIED,2026-07-25,https://abdm.gov.in/strapicms/api/our-partners  (ABDM official partner registry API),
85,P2,IN-docon-technologies-pvt,DocOn Technologies Pvt Ltd,DocOn Technologies Pvt Ltd,https://docon.co.in/,HMIS,private,India,UNKNOWN,ABDM_REGISTRY,True,2021-11-29,,1,False,,4.0,6.7,5,8,8,5,4.8,3.4,4.2,4.2,VERIFIED,2026-07-25,https://abdm.gov.in/strapicms/api/our-partners  (ABDM official partner registry API),
86,P2,IN-docplix-solutions-pvt,Docplix Solutions Pvt Ltd,Docplix Solutions Pvt Ltd,https://www.docplix.com/,HMIS,private,India,UNKNOWN,ABDM_REGISTRY,True,2025-06-30,,1,False,,4.0,6.7,5,8,8,5,4.8,3.4,4.2,4.2,VERIFIED,2026-07-25,https://abdm.gov.in/strapicms/api/our-partners  (ABDM official partner registry API),
87,P2,IN-docterz-health-tech-labs-pvt,Docterz Health-Tech Labs Pvt Ltd.,Docterz Health-Tech Labs Pvt Ltd.,https://www.docterz.in/,HMIS,private,India,UNKNOWN,ABDM_REGISTRY,True,2024-08-02,,1,False,,4.0,6.7,5,8,8,5,4.8,3.4,4.2,4.2,VERIFIED,2026-07-25,https://abdm.gov.in/strapicms/api/our-partners  (ABDM official partner registry API),
88,P2,IN-dreamsoft4u-private,DreamSoft4u Private Limited,DreamSoft4u Private Limited,https://www.dreamsoft4u.com,HMIS,private,India,UNKNOWN,ABDM_REGISTRY,True,2026-04-12,,1,False,,4.0,6.7,5,8,8,5,4.8,3.4,4.2,4.2,VERIFIED,2026-07-25,https://abdm.gov.in/strapicms/api/our-partners  (ABDM official partner registry API),
89,P2,IN-egerp-informatics-pvt,EGERP INFORMATICS PVT LTD,EGERP INFORMATICS PVT LTD,https://www.egerp.in/,HMIS,private,India,UNKNOWN,ABDM_REGISTRY,True,2026-06-19,,1,False,,4.0,6.7,5,8,8,5,4.8,3.4,4.2,4.2,VERIFIED,2026-07-25,https://abdm.gov.in/strapicms/api/our-partners  (ABDM official partner registry API),
90,P2,IN-enlacecode-technology-pvt,ENLACECODE TECHNOLOGY PVT LTD,ENLACECODE TECHNOLOGY PVT LTD,https://swasthyasetu.com,HMIS,private,India,UNKNOWN,ABDM_REGISTRY,True,2025-07-14,,1,False,,4.0,6.7,5,8,8,5,4.8,3.4,4.2,4.2,VERIFIED,2026-07-25,https://abdm.gov.in/strapicms/api/our-partners  (ABDM official partner registry API),
91,P2,IN-eva-soft-private,EVA SOFT PRIVATE LIMITED,EVA SOFT PRIVATE LIMITED,https://evahims.com/,HMIS,private,India,UNKNOWN,ABDM_REGISTRY,True,2024-06-03,,1,False,,4.0,6.7,5,8,8,5,4.8,3.4,4.2,4.2,VERIFIED,2026-07-25,https://abdm.gov.in/strapicms/api/our-partners  (ABDM official partner registry API),
92,P2,IN-easy-solution-infosystems-private,Easy Solution Infosystems Private Limited,Easy Solution Infosystems Private Limited,https://easysolution.in/ ,HMIS,private,India,UNKNOWN,ABDM_REGISTRY,True,2026-04-09,,1,False,,4.0,6.7,5,8,8,5,4.8,3.4,4.2,4.2,VERIFIED,2026-07-25,https://abdm.gov.in/strapicms/api/our-partners  (ABDM official partner registry API),
93,P2,IN-entro-labs-it-solutions-pvt,Entro Labs IT Solutions Pvt. Ltd.,Entro Labs IT Solutions Pvt. Ltd.,https://entrolabs.com/,HMIS,private,India,UNKNOWN,ABDM_REGISTRY,True,2022-12-22,,1,False,,4.0,6.7,5,8,8,5,4.8,3.4,4.2,4.2,VERIFIED,2026-07-25,https://abdm.gov.in/strapicms/api/our-partners  (ABDM official partner registry API),
94,P2,IN-equeue-technosolutions-private,Equeue Technosolutions Private Limited,Equeue Technosolutions Private Limited,https://www.equeue.health/,HMIS,private,India,UNKNOWN,ABDM_REGISTRY,True,2025-09-16,,1,False,,4.0,6.7,5,8,8,5,4.8,3.4,4.2,4.2,VERIFIED,2026-07-25,https://abdm.gov.in/strapicms/api/our-partners  (ABDM official partner registry API),
95,P2,IN-equilym-technologies-private,Equilym Technologies Private Limited,Equilym Technologies Private Limited,https://equilym.com/,HMIS,private,India,UNKNOWN,ABDM_REGISTRY,True,2025-10-07,,1,False,,4.0,6.7,5,8,8,5,4.8,3.4,4.2,4.2,VERIFIED,2026-07-25,https://abdm.gov.in/strapicms/api/our-partners  (ABDM official partner registry API),
96,P2,IN-existence-software-solution-pvt,Existence Software Solution Pvt Ltd,Existence Software Solution Pvt Ltd,https://www.praczin.com/,HMIS,private,India,UNKNOWN,ABDM_REGISTRY,True,2026-07-14,,1,False,,4.0,6.7,5,8,8,5,4.8,3.4,4.2,4.2,VERIFIED,2026-07-25,https://abdm.gov.in/strapicms/api/our-partners  (ABDM official partner registry API),
97,P2,IN-expedien-esolutions,Expedien eSolutions,Expedien eSolutions,https://expediensolutions.com,HMIS,private,India,UNKNOWN,ABDM_REGISTRY,True,2026-03-26,,1,False,,4.0,6.7,5,8,8,5,4.8,3.4,4.2,4.2,VERIFIED,2026-07-25,https://abdm.gov.in/strapicms/api/our-partners  (ABDM official partner registry API),
98,P2,IN-fortis-healthcare,Fortis Healthcare,Fortis Healthcare,Https://www.fortishealthcare.com/,HMIS,private,India,UNKNOWN,ABDM_REGISTRY,True,2023-12-15,2024-12-31,1,True,,4.0,6.7,5,8,8,7,4.8,3.4,4.2,4.2,VERIFIED,2026-07-25,https://abdm.gov.in/strapicms/api/our-partners  (ABDM official partner registry API),
99,P2,IN-forus-health-pvt,Forus Health Pvt. Ltd.,Forus Health Pvt. Ltd.,https://forushealth.com/,HMIS,private,India,UNKNOWN,ABDM_REGISTRY,True,2025-12-23,,1,False,,4.0,6.7,5,8,8,5,4.8,3.4,4.2,4.2,VERIFIED,2026-07-25,https://abdm.gov.in/strapicms/api/our-partners  (ABDM official partner registry API),
100,P2,IN-founding-minds-pvt,Founding Minds Pvt. Ltd,Founding Minds Pvt. Ltd,https://beta.e-healthpro.in/,HMIS,private,India,UNKNOWN,ABDM_REGISTRY,True,2024-09-25,,1,False,,4.0,6.7,5,8,8,5,4.8,3.4,4.2,4.2,VERIFIED,2026-07-25,https://abdm.gov.in/strapicms/api/our-partners  (ABDM official partner registry API),
101,P2,IN-framework-futuristic-pvt,Framework Futuristic Pvt. Ltd.,Framework Futuristic Pvt. Ltd.,www.framework-futuristic.com,HMIS,private,India,UNKNOWN,ABDM_REGISTRY,True,2026-06-03,,1,False,,4.0,6.7,5,8,8,5,4.8,3.4,4.2,4.2,VERIFIED,2026-07-25,https://abdm.gov.in/strapicms/api/our-partners  (ABDM official partner registry API),
102,P2,IN-gj-global-it-ventures-pvt,GJ Global IT Ventures Pvt Ltd,GJ Global IT Ventures Pvt Ltd,https://www.gjglobalsoft.com,HMIS,private,India,UNKNOWN,ABDM_REGISTRY,True,2026-05-04,,1,False,,4.0,6.7,5,8,8,5,4.8,3.4,4.2,4.2,VERIFIED,2026-07-25,https://abdm.gov.in/strapicms/api/our-partners  (ABDM official partner registry API),
103,P2,IN-godhani-infotech,GODHANI INFOTECH,GODHANI INFOTECH,https://www.godhaniinfotech.com/,HMIS,private,India,UNKNOWN,ABDM_REGISTRY,True,2026-05-12,,1,False,,4.0,6.7,5,8,8,5,4.8,3.4,4.2,4.2,VERIFIED,2026-07-25,https://abdm.gov.in/strapicms/api/our-partners  (ABDM official partner registry API),
104,P2,IN-grapes-innovative,Grapes Innovative Solutions.,Grapes Innovative Solutions.,https://www.grapeshms.com/,HMIS,private,India,UNKNOWN,ABDM_REGISTRY,True,2025-12-01,,1,False,,4.0,6.7,5,8,8,5,4.8,3.4,4.2,4.2,VERIFIED,2026-07-25,https://abdm.gov.in/strapicms/api/our-partners  (ABDM official partner registry API),
105,P2,IN-gravity-web-technologies-pvt,Gravity Web Technologies Pvt. Ltd.,Gravity Web Technologies Pvt. Ltd.,https://gravitywebtechnologies.com/,HMIS,private,India,UNKNOWN,ABDM_REGISTRY,True,2026-04-09,,1,False,,4.0,6.7,5,8,8,5,4.8,3.4,4.2,4.2,VERIFIED,2026-07-25,https://abdm.gov.in/strapicms/api/our-partners  (ABDM official partner registry API),
106,P2,IN-hanuram-healthtech-private,HANURAM HEALTHTECH PRIVATE LIMITED,HANURAM HEALTHTECH PRIVATE LIMITED,https://o-health.in/,HMIS,private,India,UNKNOWN,ABDM_REGISTRY,True,2026-04-06,,1,False,,4.0,6.7,5,8,8,5,4.8,3.4,4.2,4.2,VERIFIED,2026-07-25,https://abdm.gov.in/strapicms/api/our-partners  (ABDM official partner registry API),
107,P2,IN-healthcare-global-enterprises,HEALTHCARE GLOBAL ENTERPRISES LIMITED,HEALTHCARE GLOBAL ENTERPRISES LIMITED,https://www.hcgoncology.com/,HMIS,private,India,UNKNOWN,ABDM_REGISTRY,True,2026-04-29,,1,False,,4.0,6.7,5,8,8,5,4.8,3.4,4.2,4.2,VERIFIED,2026-07-25,https://abdm.gov.in/strapicms/api/our-partners  (ABDM official partner registry API),
108,P2,IN-helyxon-healthcare-solutions-private,HELYXON HEALTHCARE SOLUTIONS PRIVATE LIMITED,HELYXON HEALTHCARE SOLUTIONS PRIVATE LIMITED,https://helyxon.com,HMIS|Health Tech,private,India,UNKNOWN,ABDM_REGISTRY,True,2025-10-28,,1,False,,4.0,6.7,5,8,8,5,4.8,3.4,4.2,4.2,VERIFIED,2026-07-25,https://abdm.gov.in/strapicms/api/our-partners  (ABDM official partner registry API),
109,P2,IN-hisp-emr,HISP-EMR,HISP-EMR,https://hispindia.org/,HMIS,private,India,UNKNOWN,ABDM_REGISTRY,True,2022-07-27,,1,False,,4.0,6.7,5,8,8,5,4.8,3.4,4.2,4.2,VERIFIED,2026-07-25,https://abdm.gov.in/strapicms/api/our-partners  (ABDM official partner registry API),
110,P2,IN-hll-lifecare-limited-a-government-of-india-enterprise,HLL Lifecare Limited (A Government of India Enterprise),HLL Lifecare Limited (A Government of India Enterprise),https://mahadialysis.in/,HMIS,private,India,UNKNOWN,ABDM_REGISTRY,True,2024-12-11,,1,False,,4.0,6.7,5,8,8,5,4.8,3.4,4.2,4.2,VERIFIED,2026-07-25,https://abdm.gov.in/strapicms/api/our-partners  (ABDM official partner registry API),
111,P2,IN-hll-lifecare,HLL Lifecare Ltd,HLL Lifecare Ltd,http://www.hindlabs.in/hindlab,HMIS|LMIS,private,India,UNKNOWN,ABDM_REGISTRY,True,2022-12-10,2024-12-31,2,True,,4.0,6.7,5,8,8,7,4.8,3.4,4.2,4.2,VERIFIED,2026-07-25,https://abdm.gov.in/strapicms/api/our-partners  (ABDM official partner registry API),
112,P2,IN-hlthtek-optimus-private,HLTHTek Optimus Private Limited,HLTHTek Optimus Private Limited,https://www.hlthtek.com,HMIS,private,India,UNKNOWN,ABDM_REGISTRY,True,2025-02-19,,1,False,,4.0,6.7,5,8,8,5,4.8,3.4,4.2,4.2,VERIFIED,2026-07-25,https://abdm.gov.in/strapicms/api/our-partners  (ABDM official partner registry API),
113,P2,IN-holofx-consulting-private,HOLOFX CONSULTING PRIVATE LIMITED,HOLOFX CONSULTING PRIVATE LIMITED,www.holofx.io,HMIS,private,India,UNKNOWN,ABDM_REGISTRY,True,2024-12-31,,1,False,,4.0,6.7,5,8,8,5,4.8,3.4,4.2,4.2,VERIFIED,2026-07-25,https://abdm.gov.in/strapicms/api/our-partners  (ABDM official partner registry API),
114,P2,IN-hamsa-soham-health-care-pvt,Hamsa Soham Health Care Pvt. Ltd.,Hamsa Soham Health Care Pvt. Ltd.,https://hamsasoham.com,HMIS,private,India,UNKNOWN,ABDM_REGISTRY,True,2026-06-24,,1,False,,4.0,6.7,5,8,8,5,4.8,3.4,4.2,4.2,VERIFIED,2026-07-25,https://abdm.gov.in/strapicms/api/our-partners  (ABDM official partner registry API),
115,P2,IN-healtether-healthcare-services-private,HealTether Healthcare Services Private Limited,HealTether Healthcare Services Private Limited,https://healtether.com/,HMIS,private,India,UNKNOWN,ABDM_REGISTRY,True,2025-09-01,,1,False,,4.0,6.7,5,8,8,5,4.8,3.4,4.2,4.2,VERIFIED,2026-07-25,https://abdm.gov.in/strapicms/api/our-partners  (ABDM official partner registry API),
116,P2,IN-health-family-welfare-department-government-of-tripura,"Health & Family Welfare Department, Government of Tripura","Health & Family Welfare Department, Government of Tripura",https://ihmistripura.in,HMIS|LMIS,private,India,UNKNOWN,ABDM_REGISTRY,True,2026-05-17,,1,False,,4.0,6.7,5,8,8,5,4.8,3.4,4.2,4.2,VERIFIED,2026-07-25,https://abdm.gov.in/strapicms/api/our-partners  (ABDM official partner registry API),
117,P2,IN-health-smarttech-private,Health Smarttech Private Limited,Health Smarttech Private Limited,https://healthsmarttech.in/,HMIS,private,India,UNKNOWN,ABDM_REGISTRY,True,2025-07-11,,1,False,,4.0,6.7,5,8,8,5,4.8,3.4,4.2,4.2,VERIFIED,2026-07-25,https://abdm.gov.in/strapicms/api/our-partners  (ABDM official partner registry API),
118,P2,IN-healthixio,Healthixio,Healthixio,https://healthixio.com,HMIS,private,India,UNKNOWN,ABDM_REGISTRY,True,2026-07-06,,1,False,,4.0,6.7,5,8,8,5,4.8,3.4,4.2,4.2,VERIFIED,2026-07-25,https://abdm.gov.in/strapicms/api/our-partners  (ABDM official partner registry API),
119,P2,IN-healthvalors-technosoft-private,Healthvalors Technosoft Private Limited,Healthvalors Technosoft Private Limited,http://www.healthvalors.com/,HMIS|LMIS,private,India,UNKNOWN,ABDM_REGISTRY,True,2024-07-15,,1,False,,4.0,6.7,5,8,8,5,4.8,3.4,4.2,4.2,VERIFIED,2026-07-25,https://abdm.gov.in/strapicms/api/our-partners  (ABDM official partner registry API),
120,P2,IN-hunnarvi-technologies-private,Hunnarvi Technologies Private Limited,Hunnarvi Technologies Private Limited,https://www.hunnarvi.com/,HMIS,private,India,UNKNOWN,ABDM_REGISTRY,True,2025-07-17,,1,False,,4.0,6.7,5,8,8,5,4.8,3.4,4.2,4.2,VERIFIED,2026-07-25,https://abdm.gov.in/strapicms/api/our-partners  (ABDM official partner registry API),
121,P2,IN-i-medicus-india-private,I-MEDICUS INDIA PRIVATE LIMITED,I-MEDICUS INDIA PRIVATE LIMITED,https://i-medicus.in,HMIS,private,India,UNKNOWN,ABDM_REGISTRY,True,2026-05-08,,1,False,,4.0,6.7,5,8,8,5,4.8,3.4,4.2,4.2,VERIFIED,2026-07-25,https://abdm.gov.in/strapicms/api/our-partners  (ABDM official partner registry API),
122,P2,IN-ihx-health-repository-provider,IHX Health Repository Provider,IHX Health Repository Provider,https://www.ihx.in,HMIS,microsites,India,UNKNOWN,ABDM_REGISTRY,True,2022-06-27,,1,False,,4.0,6.7,5,8,8,5,4.8,3.4,4.2,4.2,VERIFIED,2026-07-25,https://abdm.gov.in/strapicms/api/our-partners  (ABDM official partner registry API),
123,P2,IN-infuture-com,INFUTURE.COM,INFUTURE.COM,https://hms-easy.com/,HMIS,private,India,UNKNOWN,ABDM_REGISTRY,True,2026-05-19,,1,False,,4.0,6.7,5,8,8,5,4.8,3.4,4.2,4.2,VERIFIED,2026-07-25,https://abdm.gov.in/strapicms/api/our-partners  (ABDM official partner registry API),
124,P2,IN-iplit-solutions,IPLit Solutions LLP,IPLit Solutions LLP,https://iplit.in,HMIS|Health Tech,private,India,UNKNOWN,ABDM_REGISTRY,True,2023-07-11,2024-04-30,1,False,,4.0,6.7,5,8,8,5,4.8,3.4,4.2,4.2,VERIFIED,2026-07-25,https://abdm.gov.in/strapicms/api/our-partners  (ABDM official partner registry API),
125,P2,IN-iq-line-private,IQ-Line Private Limited,IQ-Line Private Limited, https://iqline.co.in/ ,HMIS|LMIS,private,India,UNKNOWN,ABDM_REGISTRY,True,2025-10-28,,2,False,,4.0,6.7,5,8,8,5,4.8,3.4,4.2,4.2,VERIFIED,2026-07-25,https://abdm.gov.in/strapicms/api/our-partners  (ABDM official partner registry API),
126,P2,IN-iqvia,IQVIA,IQVIA,https://www.iqvia.com/,HMIS,private,India,UNKNOWN,ABDM_REGISTRY,True,2022-11-17,,1,False,,4.0,6.7,5,8,8,5,4.8,3.4,4.2,4.2,VERIFIED,2026-07-25,https://abdm.gov.in/strapicms/api/our-partners  (ABDM official partner registry API),
127,P2,IN-ishaa-infinity-software-technologies,ISHAA INFINITY SOFTWARE TECHNOLOGIES LLP,ISHAA INFINITY SOFTWARE TECHNOLOGIES LLP,https://www.ishaainfinity.com,Connectors|HMIS,private,India,UNKNOWN,ABDM_REGISTRY,True,2026-03-30,,1,False,,4.0,6.7,5,8,8,5,4.8,3.4,4.2,4.2,VERIFIED,2026-07-25,https://abdm.gov.in/strapicms/api/our-partners  (ABDM official partner registry API),
128,P2,IN-itdose-infosystems-pvt,ITDOSE INFOSYSTEMS Pvt. Ltd.,ITDOSE INFOSYSTEMS Pvt. Ltd.,https://www.itdoseinfo.com/,HMIS|LMIS,private,India,UNKNOWN,ABDM_REGISTRY,True,2023-11-02,2024-09-30,2,False,,4.0,6.7,5,8,8,5,4.8,3.4,4.2,4.2,VERIFIED,2026-07-25,https://abdm.gov.in/strapicms/api/our-partners  (ABDM official partner registry API),
129,P2,IN-itsc-technologies-pvt,ITSC Technologies Pvt. Ltd.,ITSC Technologies Pvt. Ltd.,http://itscglobal.com,HMIS|LMIS,private,India,UNKNOWN,ABDM_REGISTRY,True,2024-07-05,,1,False,,4.0,6.7,5,8,8,5,4.8,3.4,4.2,4.2,VERIFIED,2026-07-25,https://abdm.gov.in/strapicms/api/our-partners  (ABDM official partner registry API),
130,P2,IN-integrated-health-management-system,Integrated Health Management System,Integrated Health Management System,Integrated Health Management System,HMIS,government,India,UNKNOWN,ABDM_REGISTRY,True,2022-09-02,,2,False,,4.0,6.7,5,8,8,5,4.8,3.4,4.2,4.2,VERIFIED,2026-07-25,https://abdm.gov.in/strapicms/api/our-partners  (ABDM official partner registry API),
131,P2,IN-jpr-systems-pvt,JPR SYSTEMS PVT LTD,JPR SYSTEMS PVT LTD,www.jprsystems.in,HMIS,private,India,UNKNOWN,ABDM_REGISTRY,True,2026-06-17,,1,False,,4.0,6.7,5,8,8,5,4.8,3.4,4.2,4.2,VERIFIED,2026-07-25,https://abdm.gov.in/strapicms/api/our-partners  (ABDM official partner registry API),
132,P2,IN-jupiter-lifeline-hospitals,JUPITER LIFELINE HOSPITALS LIMITED,JUPITER LIFELINE HOSPITALS LIMITED,https://www.jupiterhospital.com/,HMIS,private,India,UNKNOWN,ABDM_REGISTRY,True,2024-02-06,2025-01-31,1,True,,4.0,6.7,5,8,8,7,4.8,3.4,4.2,4.2,VERIFIED,2026-07-25,https://abdm.gov.in/strapicms/api/our-partners  (ABDM official partner registry API),
133,P2,IN-jdeanz-healthtech-pvt,Jdeanz Healthtech Pvt. Ltd.,Jdeanz Healthtech Pvt. Ltd.,https://www.aarogya.one,HMIS|Health Locker|NHCX|PHR App,private,India,UNKNOWN,ABDM_REGISTRY,True,2024-07-10,,3,False,,4.0,6.7,5,8,8,5,4.8,3.4,4.2,4.2,VERIFIED,2026-07-25,https://abdm.gov.in/strapicms/api/our-partners  (ABDM official partner registry API),
134,P2,IN-kranium-healthcare-systems-pvt,KRANIUM HEALTHCARE SYSTEMS PVT LTD,KRANIUM HEALTHCARE SYSTEMS PVT LTD,https://www.kraniumhealth.com,HMIS,private,India,UNKNOWN,ABDM_REGISTRY,True,2025-11-26,,1,False,,4.0,6.7,5,8,8,5,4.8,3.4,4.2,4.2,VERIFIED,2026-07-25,https://abdm.gov.in/strapicms/api/our-partners  (ABDM official partner registry API),
135,P2,IN-karkinos-application-suite,Karkinos Application Suite,Karkinos Application Suite,https://karkinos.in/,HMIS,private,India,UNKNOWN,ABDM_REGISTRY,True,2022-05-12,2025-03-16,1,False,,4.0,6.7,5,8,8,5,4.8,3.4,4.2,4.2,VERIFIED,2026-07-25,https://abdm.gov.in/strapicms/api/our-partners  (ABDM official partner registry API),
136,P2,IN-karnavati-software-technologies-pvt,Karnavati Software Technologies Pvt. Ltd.,Karnavati Software Technologies Pvt. Ltd.,https://kstpl.in,HMIS|LMIS,private,India,UNKNOWN,ABDM_REGISTRY,True,2025-05-07,,1,False,,4.0,6.7,5,8,8,5,4.8,3.4,4.2,4.2,VERIFIED,2026-07-25,https://abdm.gov.in/strapicms/api/our-partners  (ABDM official partner registry API),
137,P2,IN-kulcare-india-private,Kulcare India Private Limited,Kulcare India Private Limited,https://kulcare.com ,HMIS,private,India,UNKNOWN,ABDM_REGISTRY,True,2023-05-10,,1,False,,4.0,6.7,5,8,8,5,4.8,3.4,4.2,4.2,VERIFIED,2026-07-25,https://abdm.gov.in/strapicms/api/our-partners  (ABDM official partner registry API),
138,P2,IN-kyrocare-healthtech-private,Kyrocare Healthtech Private Limited,Kyrocare Healthtech Private Limited,https://kyro.care,Connectors|HMIS|NHCX,private,India,UNKNOWN,ABDM_REGISTRY,True,2026-02-02,,1,False,,4.0,6.7,5,8,8,5,4.8,3.4,4.2,4.2,VERIFIED,2026-07-25,https://abdm.gov.in/strapicms/api/our-partners  (ABDM official partner registry API),
139,P2,IN-lsg-associate,LSG Associate,LSG Associate,https://plusonehms.com/,HMIS,private,India,UNKNOWN,ABDM_REGISTRY,True,2026-06-18,,1,False,,4.0,6.7,5,8,8,5,4.8,3.4,4.2,4.2,VERIFIED,2026-07-25,https://abdm.gov.in/strapicms/api/our-partners  (ABDM official partner registry API),
140,P2,IN-linkedcare-chc-private,Linkedcare CHC Private Limited,Linkedcare CHC Private Limited,https://www.linkedcare.com,HMIS|Health Tech,private,India,UNKNOWN,ABDM_REGISTRY,True,2024-12-20,,1,False,,4.0,6.7,5,8,8,5,4.8,3.4,4.2,4.2,VERIFIED,2026-07-25,https://abdm.gov.in/strapicms/api/our-partners  (ABDM official partner registry API),
141,P2,IN-medifox-technologies-private,MEDIFOX TECHNOLOGIES PRIVATE LIMITED,MEDIFOX TECHNOLOGIES PRIVATE LIMITED,https://medifox.in.net,HMIS,private,India,UNKNOWN,ABDM_REGISTRY,True,2026-08-05,,1,False,,4.0,6.7,5,8,8,5,4.8,3.4,4.2,4.2,VERIFIED,2026-07-25,https://abdm.gov.in/strapicms/api/our-partners  (ABDM official partner registry API),
142,P2,IN-mediquity-technologies-private,MEDIQUITY TECHNOLOGIES PRIVATE LIMITED,MEDIQUITY TECHNOLOGIES PRIVATE LIMITED,http://mediquity.in/,HMIS|LMIS,private,India,UNKNOWN,ABDM_REGISTRY,True,2025-04-25,,2,False,,4.0,6.7,5,8,8,5,4.8,3.4,4.2,4.2,VERIFIED,2026-07-25,https://abdm.gov.in/strapicms/api/our-partners  (ABDM official partner registry API),
143,P2,IN-mindgenix-private,MINDGENIX PRIVATE LIMITED,MINDGENIX PRIVATE LIMITED,http://mindgenix.net/,HMIS,private,India,UNKNOWN,ABDM_REGISTRY,True,2023-05-16,2024-04-30,1,False,,4.0,6.7,5,8,8,5,4.8,3.4,4.2,4.2,VERIFIED,2026-07-25,https://abdm.gov.in/strapicms/api/our-partners  (ABDM official partner registry API),
144,P2,IN-mmh-global-india-private,MMH Global (India) Private Limited,MMH Global (India) Private Limited,https://managemyhealth.in/,HMIS,private,India,UNKNOWN,ABDM_REGISTRY,True,2024-12-30,,1,False,,4.0,6.7,5,8,8,5,4.8,3.4,4.2,4.2,VERIFIED,2026-07-25,https://abdm.gov.in/strapicms/api/our-partners  (ABDM official partner registry API),
145,P2,IN-maestros-electronics-telecommunications-systems,Maestros Electronics & Telecommunications Systems Ltd,Maestros Electronics & Telecommunications Systems Ltd,https://maestroselectronics.com/,HMIS,private,India,UNKNOWN,ABDM_REGISTRY,True,2025-06-12,,1,False,,4.0,6.7,5,8,8,5,4.8,3.4,4.2,4.2,VERIFIED,2026-07-25,https://abdm.gov.in/strapicms/api/our-partners  (ABDM official partner registry API),
146,P2,IN-mangalcare-systems-private,Mangalcare Systems Private Limited,Mangalcare Systems Private Limited,https://www.mangalcare.com,HMIS,private,India,UNKNOWN,ABDM_REGISTRY,True,2025-10-24,,1,False,,4.0,6.7,5,8,8,5,4.8,3.4,4.2,4.2,VERIFIED,2026-07-25,https://abdm.gov.in/strapicms/api/our-partners  (ABDM official partner registry API),
147,P2,IN-mani-tech-nest-solutions,Mani Tech Nest Solutions LLP,Mani Tech Nest Solutions LLP,https://manitechnest.com/,HMIS,private,India,UNKNOWN,ABDM_REGISTRY,True,2023-03-24,,1,False,,4.0,6.7,5,8,8,5,4.8,3.4,4.2,4.2,VERIFIED,2026-07-25,https://abdm.gov.in/strapicms/api/our-partners  (ABDM official partner registry API),
148,P2,IN-mann,Mann Technologies,Mann Technologies,https://manntech.in/,HMIS,private,India,UNKNOWN,ABDM_REGISTRY,True,2026-05-26,,1,False,,4.0,6.7,5,8,8,5,4.8,3.4,4.2,4.2,VERIFIED,2026-07-25,https://abdm.gov.in/strapicms/api/our-partners  (ABDM official partner registry API),
149,P2,IN-manorama-infosolutions-pvt,Manorama Infosolutions Pvt. Ltd.,Manorama Infosolutions Pvt. Ltd.,http://www.manoramahealthcare.com/,HMIS,private,India,UNKNOWN,ABDM_REGISTRY,True,2023-06-30,2024-04-30,1,True,,4.0,6.7,5,8,8,7,4.8,3.4,4.2,4.2,VERIFIED,2026-07-25,https://abdm.gov.in/strapicms/api/our-partners  (ABDM official partner registry API),
150,P2,IN-medisage,MediSage,MediSage,https://mymedisage.com/,HMIS,private,India,UNKNOWN,ABDM_REGISTRY,True,2026-03-29,,1,False,,4.0,6.7,5,8,8,5,4.8,3.4,4.2,4.2,VERIFIED,2026-07-25,https://abdm.gov.in/strapicms/api/our-partners  (ABDM official partner registry API),
151,P3,IN-medicalmine-india-private,MedicalMine India Private Limited,MedicalMine India Private Limited,https://www.charmhealth.com/in/,HMIS,private,India,UNKNOWN,ABDM_REGISTRY,True,2024-07-25,,1,False,,4.0,6.7,5,8,8,5,4.8,3.4,4.2,4.2,VERIFIED,2026-07-25,https://abdm.gov.in/strapicms/api/our-partners  (ABDM official partner registry API),
152,P3,IN-medimaze-solutions-pvt,Medimaze Solutions Pvt Ltd,Medimaze Solutions Pvt Ltd,https://medimaze.in/,HMIS,private,India,UNKNOWN,ABDM_REGISTRY,True,2025-08-28,,1,False,,4.0,6.7,5,8,8,5,4.8,3.4,4.2,4.2,VERIFIED,2026-07-25,https://abdm.gov.in/strapicms/api/our-partners  (ABDM official partner registry API),
153,P3,IN-medionce-solutions-private,Medionce Solutions Private Limited,Medionce Solutions Private Limited,https://www.healcard.com,HMIS,private,India,UNKNOWN,ABDM_REGISTRY,True,2024-08-01,,1,False,,4.0,6.7,5,8,8,5,4.8,3.4,4.2,4.2,VERIFIED,2026-07-25,https://abdm.gov.in/strapicms/api/our-partners  (ABDM official partner registry API),
154,P3,IN-medjacket-india-pvt,Medjacket India Pvt Ltd,Medjacket India Pvt Ltd,https://medjacket.com/,HMIS,private,India,UNKNOWN,ABDM_REGISTRY,True,2026-04-21,,1,False,,4.0,6.7,5,8,8,5,4.8,3.4,4.2,4.2,VERIFIED,2026-07-25,https://abdm.gov.in/strapicms/api/our-partners  (ABDM official partner registry API),
155,P3,IN-medongo-health-pvt,Medongo Health Pvt. Ltd,Medongo Health Pvt. Ltd,http://www.medongo.com,HMIS,private,India,UNKNOWN,ABDM_REGISTRY,True,2024-10-04,,1,False,,4.0,6.7,5,8,8,5,4.8,3.4,4.2,4.2,VERIFIED,2026-07-25,https://abdm.gov.in/strapicms/api/our-partners  (ABDM official partner registry API),
156,P3,IN-medulia-healthcare-solutions-private,Medulia Healthcare Solutions Private Limited,Medulia Healthcare Solutions Private Limited,https://meduliahealthcare.com/,HMIS,private,India,UNKNOWN,ABDM_REGISTRY,True,2024-07-12,,1,False,,4.0,6.7,5,8,8,5,4.8,3.4,4.2,4.2,VERIFIED,2026-07-25,https://abdm.gov.in/strapicms/api/our-partners  (ABDM official partner registry API),
157,P3,IN-merago-software-technologies-private,Merago Software Technologies Private Limited,Merago Software Technologies Private Limited,https://www.merago.com/,HMIS|Health Tech,private,India,UNKNOWN,ABDM_REGISTRY,True,2024-07-02,,1,False,,4.0,6.7,5,8,8,5,4.8,3.4,4.2,4.2,VERIFIED,2026-07-25,https://abdm.gov.in/strapicms/api/our-partners  (ABDM official partner registry API),
158,P3,IN-meta16labs-healthcare-and-analytics-pvt,Meta16Labs Healthcare and Analytics Pvt Ltd,Meta16Labs Healthcare and Analytics Pvt Ltd,https://www.metahos.com/,HMIS,private,India,UNKNOWN,ABDM_REGISTRY,True,2025-12-14,,1,False,,4.0,6.7,5,8,8,5,4.8,3.4,4.2,4.2,VERIFIED,2026-07-25,https://abdm.gov.in/strapicms/api/our-partners  (ABDM official partner registry API),
159,P3,IN-mindzone-technologies-pvt,Mindzone Technologies Pvt. Ltd.,Mindzone Technologies Pvt. Ltd.,https://www.mindzonesoftware.com,HMIS,private,India,UNKNOWN,ABDM_REGISTRY,True,2026-07-14,,1,False,,4.0,6.7,5,8,8,5,4.8,3.4,4.2,4.2,VERIFIED,2026-07-25,https://abdm.gov.in/strapicms/api/our-partners  (ABDM official partner registry API),
160,P3,IN-ministry-of-ayush-government-of-india,"Ministry of Ayush, Government of India","Ministry of Ayush, Government of India",st-ahmis.ayush.gov.in,HMIS,private,India,UNKNOWN,ABDM_REGISTRY,True,2026-05-26,,1,False,,4.0,6.7,5,8,8,5,4.8,3.4,4.2,4.2,VERIFIED,2026-07-25,https://abdm.gov.in/strapicms/api/our-partners  (ABDM official partner registry API),
161,P3,IN-myhealthcare-technologies-private,MyHealthcare Technologies Private Limited,MyHealthcare Technologies Private Limited,https://www.myhealthcare.life,HMIS,private,India,UNKNOWN,ABDM_REGISTRY,True,2024-06-04,,1,False,,4.0,6.7,5,8,8,5,4.8,3.4,4.2,4.2,VERIFIED,2026-07-25,https://abdm.gov.in/strapicms/api/our-partners  (ABDM official partner registry API),
162,P3,IN-nalam-hcit-solutions-pvt,NALAM HCIT SOLUTIONS PVT LTD.,NALAM HCIT SOLUTIONS PVT LTD.,https://nalamhcit.com/,HMIS,private,India,UNKNOWN,ABDM_REGISTRY,True,2025-04-25,,1,False,,4.0,6.7,5,8,8,5,4.8,3.4,4.2,4.2,VERIFIED,2026-07-25,https://abdm.gov.in/strapicms/api/our-partners  (ABDM official partner registry API),
163,P3,IN-nextgen-esolutions-pvt-ltd-subsidiary-company-of-aimil,NEXTGEN ESOLUTIONS PVT LTD SUBSIDIARY COMPANY OF AIMIL LIMITED,NEXTGEN ESOLUTIONS PVT LTD SUBSIDIARY COMPANY OF AIMIL LIMITED,https://www.nextgenesolutions.com/,HMIS|LMIS,private,India,UNKNOWN,ABDM_REGISTRY,True,2025-04-29,,1,False,,4.0,6.7,5,8,8,5,4.8,3.4,4.2,4.2,VERIFIED,2026-07-25,https://abdm.gov.in/strapicms/api/our-partners  (ABDM official partner registry API),
164,P3,IN-nict-bills-and-services,NICT Bills and Services,NICT Bills and Services,https://nicttpl.com/,HMIS,private,India,UNKNOWN,ABDM_REGISTRY,True,2022-07-27,,1,False,,4.0,6.7,5,8,8,5,4.8,3.4,4.2,4.2,VERIFIED,2026-07-25,https://abdm.gov.in/strapicms/api/our-partners  (ABDM official partner registry API),
165,P3,IN-nanocare-health-services-pvt-ltd-nanohealth,Nanocare Health Services Pvt Ltd. (NanoHealth),Nanocare Health Services Pvt Ltd. (NanoHealth),https://nanohealth.world/,HMIS,private,India,UNKNOWN,ABDM_REGISTRY,True,2026-03-17,,1,False,,4.0,6.7,5,8,8,5,4.8,3.4,4.2,4.2,VERIFIED,2026-07-25,https://abdm.gov.in/strapicms/api/our-partners  (ABDM official partner registry API),
166,P3,IN-narayana-health,Narayana Health Limited,Narayana Health Limited,https://www.narayanahealth.org/,HMIS,private,India,UNKNOWN,ABDM_REGISTRY,True,2022-04-06,,1,False,,4.0,6.7,5,8,8,5,4.8,3.4,4.2,4.2,VERIFIED,2026-07-25,https://abdm.gov.in/strapicms/api/our-partners  (ABDM official partner registry API),
167,P3,IN-national-health-mission-shs-nagrota-jammu-j-k,"National Health Mission, SHS, Nagrota, Jammu, J&K","National Health Mission, SHS, Nagrota, Jammu, J&K",https://esahaj.jk.gov.in/jnk_ui/,HMIS,government,India,UNKNOWN,ABDM_REGISTRY,True,2023-10-16,2025-05-03,1,False,,4.0,6.7,5,8,8,5,4.8,3.4,4.2,4.2,VERIFIED,2026-07-25,https://abdm.gov.in/strapicms/api/our-partners  (ABDM official partner registry API),
168,P3,IN-national-informatics-centre,National Informatics Centre,National Informatics Centre,https://nextgen.ehospital.gov.in,HMIS,private,India,UNKNOWN,ABDM_REGISTRY,True,2024-06-27,,1,False,,4.0,6.7,5,8,8,5,4.8,3.4,4.2,4.2,VERIFIED,2026-07-25,https://abdm.gov.in/strapicms/api/our-partners  (ABDM official partner registry API),
169,P3,IN-netedge-computing-solutions-pvt,NetEdge Computing Solutions Pvt Ltd,NetEdge Computing Solutions Pvt Ltd,https://netedgecomputing.com,HMIS,private,India,UNKNOWN,ABDM_REGISTRY,True,2026-02-09,,1,False,,4.0,6.7,5,8,8,5,4.8,3.4,4.2,4.2,VERIFIED,2026-07-25,https://abdm.gov.in/strapicms/api/our-partners  (ABDM official partner registry API),
170,P3,IN-neuralbits-technologies-pvt,Neuralbits Technologies Pvt Ltd,Neuralbits Technologies Pvt Ltd,https://www.neuralbits.com/,HMIS,private,India,UNKNOWN,ABDM_REGISTRY,True,2024-06-27,,1,False,,4.0,6.7,5,8,8,5,4.8,3.4,4.2,4.2,VERIFIED,2026-07-25,https://abdm.gov.in/strapicms/api/our-partners  (ABDM official partner registry API),
171,P3,IN-neurosynaptic-communications-pvt,Neurosynaptic Communications Pvt Ltd,Neurosynaptic Communications Pvt Ltd,https://www.neurosynaptic.com/,HMIS,private,India,UNKNOWN,ABDM_REGISTRY,True,2025-01-08,,1,False,,4.0,6.7,5,8,8,5,4.8,3.4,4.2,4.2,VERIFIED,2026-07-25,https://abdm.gov.in/strapicms/api/our-partners  (ABDM official partner registry API),
172,P3,IN-oasys-cybernetics-pvt,OASYS Cybernetics Pvt. Ltd,OASYS Cybernetics Pvt. Ltd,https://www.oasys.co/,HMIS,private,India,UNKNOWN,ABDM_REGISTRY,True,2025-07-04,,1,False,,4.0,6.7,5,8,8,5,4.8,3.4,4.2,4.2,VERIFIED,2026-07-25,https://abdm.gov.in/strapicms/api/our-partners  (ABDM official partner registry API),
173,P3,IN-ohum-healthcare-solutions-pvt,OHUM Healthcare Solutions Pvt. Ltd,OHUM Healthcare Solutions Pvt. Ltd,https://www.ohumhealthcare.com,HMIS,private,India,UNKNOWN,ABDM_REGISTRY,True,2023-05-30,2024-05-31,1,False,,4.0,6.7,5,8,8,5,4.8,3.4,4.2,4.2,VERIFIED,2026-07-25,https://abdm.gov.in/strapicms/api/our-partners  (ABDM official partner registry API),
174,P3,IN-oakland-systems-pvt,Oakland Systems Pvt Ltd,Oakland Systems Pvt Ltd,https://www.mednetlabs.com/,HMIS|NHCX,private,India,UNKNOWN,ABDM_REGISTRY,True,2024-03-26,,1,False,,4.0,6.7,5,8,8,5,4.8,3.4,4.2,4.2,VERIFIED,2026-07-25,https://abdm.gov.in/strapicms/api/our-partners  (ABDM official partner registry API),
175,P3,IN-oneglance-software-services-private,Oneglance Software Services Private Limited,Oneglance Software Services Private Limited,https://oneglancehealth.in/,HMIS|Health Tech,private,India,UNKNOWN,ABDM_REGISTRY,True,2024-12-30,,1,False,,4.0,6.7,5,8,8,5,4.8,3.4,4.2,4.2,VERIFIED,2026-07-25,https://abdm.gov.in/strapicms/api/our-partners  (ABDM official partner registry API),
176,P3,IN-pace-softronix-pvt,PACE SOFTRONIX PVT LTD,PACE SOFTRONIX PVT LTD,https://www.pacesoftronix.com/,HMIS,private,India,UNKNOWN,ABDM_REGISTRY,True,2026-07-14,,1,False,,4.0,6.7,5,8,8,5,4.8,3.4,4.2,4.2,VERIFIED,2026-07-25,https://abdm.gov.in/strapicms/api/our-partners  (ABDM official partner registry API),
177,P3,IN-peritos-solutions-consulting-private,PERITOS SOLUTIONS & CONSULTING PRIVATE LIMITED,PERITOS SOLUTIONS & CONSULTING PRIVATE LIMITED,https://ektos-health.com/,HMIS,private,India,UNKNOWN,ABDM_REGISTRY,True,2025-12-27,,1,False,,4.0,6.7,5,8,8,5,4.8,3.4,4.2,4.2,VERIFIED,2026-07-25,https://abdm.gov.in/strapicms/api/our-partners  (ABDM official partner registry API),
178,P3,IN-purple-sky-health-private,PURPLE SKY HEALTH PRIVATE LIMITED,PURPLE SKY HEALTH PRIVATE LIMITED,https://purpleskyhealth.com,HMIS,private,India,UNKNOWN,ABDM_REGISTRY,True,2026-05-05,,1,False,,4.0,6.7,5,8,8,5,4.8,3.4,4.2,4.2,VERIFIED,2026-07-25,https://abdm.gov.in/strapicms/api/our-partners  (ABDM official partner registry API),
179,P3,IN-paliwal-infotech,Paliwal Infotech,Paliwal Infotech,https://paliwalinfotech.com/,HMIS|LMIS,private,India,UNKNOWN,ABDM_REGISTRY,True,2026-05-14,,1,False,,4.0,6.7,5,8,8,5,4.8,3.4,4.2,4.2,VERIFIED,2026-07-25,https://abdm.gov.in/strapicms/api/our-partners  (ABDM official partner registry API),
180,P3,IN-perfect-software-solution,Perfect Software Solution,Perfect Software Solution,https://perfectsoftwares.com,HMIS,private,India,UNKNOWN,ABDM_REGISTRY,True,2026-05-12,,1,False,,4.0,6.7,5,8,8,5,4.8,3.4,4.2,4.2,VERIFIED,2026-07-25,https://abdm.gov.in/strapicms/api/our-partners  (ABDM official partner registry API),
181,P3,IN-picasoid-health-technology-pvt,Picasoid Health Technology Pvt. Ltd.,Picasoid Health Technology Pvt. Ltd.,https://www.picasoid.co.in/,HMIS,private,India,UNKNOWN,ABDM_REGISTRY,True,2025-08-01,,1,False,,4.0,6.7,5,8,8,5,4.8,3.4,4.2,4.2,VERIFIED,2026-07-25,https://abdm.gov.in/strapicms/api/our-partners  (ABDM official partner registry API),
182,P3,IN-piramal-swasthya-management-and-research-institute,Piramal Swasthya Management and Research Institute,Piramal Swasthya Management and Research Institute,https://www.piramalswasthya.org/,HMIS,private,India,UNKNOWN,ABDM_REGISTRY,True,2022-04-29,,1,False,,4.0,6.7,5,8,8,5,4.8,3.4,4.2,4.2,VERIFIED,2026-07-25,https://abdm.gov.in/strapicms/api/our-partners  (ABDM official partner registry API),
183,P3,IN-plus-curenearme,Plus CureNearMe,Plus CureNearMe,https://curenearme.com,HMIS,private,India,UNKNOWN,ABDM_REGISTRY,True,2025-07-31,,1,False,,4.0,6.7,5,8,8,5,4.8,3.4,4.2,4.2,VERIFIED,2026-07-25,https://abdm.gov.in/strapicms/api/our-partners  (ABDM official partner registry API),
184,P3,IN-postgraduate-institute-of-medical-education-and-research,Postgraduate Institute of Medical Education and Research,Postgraduate Institute of Medical Education and Research,    https://pgimer.edu.in,HMIS,government,India,UNKNOWN,ABDM_REGISTRY,True,2025-06-17,,1,False,,4.0,6.7,5,8,8,5,4.8,3.4,4.2,4.2,VERIFIED,2026-07-25,https://abdm.gov.in/strapicms/api/our-partners  (ABDM official partner registry API),
185,P3,IN-pranam-creative-solutions-pvt,Pranam Creative Solutions Pvt Ltd,Pranam Creative Solutions Pvt Ltd,https://smartcarehis.com/,HMIS,private,India,UNKNOWN,ABDM_REGISTRY,True,2026-04-19,,1,False,,4.0,6.7,5,8,8,5,4.8,3.4,4.2,4.2,VERIFIED,2026-07-25,https://abdm.gov.in/strapicms/api/our-partners  (ABDM official partner registry API),
186,P3,IN-prantae-solutions-private,Prantae Solutions Private Limited,Prantae Solutions Private Limited,https://www.proflou.com/,HMIS,private,India,UNKNOWN,ABDM_REGISTRY,True,2026-06-22,,1,False,,4.0,6.7,5,8,8,5,4.8,3.4,4.2,4.2,VERIFIED,2026-07-25,https://abdm.gov.in/strapicms/api/our-partners  (ABDM official partner registry API),
187,P3,IN-pregnancy-child-tracking-health-services-management-system-p,"Pregnancy, Child Tracking & Health Services Management System (PCTS)","Pregnancy, Child Tracking & Health Services Management System (PCTS)",pctsrajmedical.rajasthan.gov.in,HMIS,private,India,UNKNOWN,ABDM_REGISTRY,True,2025-04-22,,1,False,,4.0,6.7,5,8,8,5,4.8,3.4,4.2,4.2,VERIFIED,2026-07-25,https://abdm.gov.in/strapicms/api/our-partners  (ABDM official partner registry API),
188,P3,IN-probeplus-innovative-solutions-private,Probeplus Innovative Solutions Private Limited.,Probeplus Innovative Solutions Private Limited.,https://carekonnect.in/,HMIS,private,India,UNKNOWN,ABDM_REGISTRY,True,2025-07-14,,1,False,,4.0,6.7,5,8,8,5,4.8,3.4,4.2,4.2,VERIFIED,2026-07-25,https://abdm.gov.in/strapicms/api/our-partners  (ABDM official partner registry API),
189,P3,IN-protean-health,Protean Health,Protean Health,https://protean-health.com/clinic/#/sign-in,HMIS,government,India,UNKNOWN,ABDM_REGISTRY,True,2022-10-03,,1,False,,4.0,6.7,5,8,8,5,4.8,3.4,4.2,4.2,VERIFIED,2026-07-25,https://abdm.gov.in/strapicms/api/our-partners  (ABDM official partner registry API),
190,P3,IN-prudas-technologies-private,Prudas Technologies Private Limited,Prudas Technologies Private Limited,https://www.spiralshealth.com,HMIS|LMIS|Pharmacy,private,India,UNKNOWN,ABDM_REGISTRY,True,2024-03-25,2025-01-31,1,False,,4.0,6.7,5,8,8,5,4.8,3.4,4.2,4.2,VERIFIED,2026-07-25,https://abdm.gov.in/strapicms/api/our-partners  (ABDM official partner registry API),
191,P3,IN-purnank-software-solutions-pvt,Purnank Software Solutions Pvt. Ltd.,Purnank Software Solutions Pvt. Ltd.,http://www.purnanksoftware.com,HMIS,private,India,UNKNOWN,ABDM_REGISTRY,True,2025-12-12,,1,False,,4.0,6.7,5,8,8,5,4.8,3.4,4.2,4.2,VERIFIED,2026-07-25,https://abdm.gov.in/strapicms/api/our-partners  (ABDM official partner registry API),
192,P3,IN-qmarksoft-qhms-qlms-qbilling,Qmarksoft QHMS/QLMS/Qbilling,Qmarksoft QHMS/QLMS/Qbilling,https://qmarksoft.com,HMIS,private,India,UNKNOWN,ABDM_REGISTRY,True,2025-12-30,,1,False,,4.0,6.7,5,8,8,5,4.8,3.4,4.2,4.2,VERIFIED,2026-07-25,https://abdm.gov.in/strapicms/api/our-partners  (ABDM official partner registry API),
193,P3,IN-quantum-corphealth-private,Quantum CorpHealth Private Limited,Quantum CorpHealth Private Limited,https://www.doctor911.life/,HMIS,private,India,UNKNOWN,ABDM_REGISTRY,True,2026-03-10,,1,False,,4.0,6.7,5,8,8,5,4.8,3.4,4.2,4.2,VERIFIED,2026-07-25,https://abdm.gov.in/strapicms/api/our-partners  (ABDM official partner registry API),
194,P3,IN-renaissance-health-enterprise-suite-rhes,RENAISSANCE HEALTH ENTERPRISE SUITE (RHES),RENAISSANCE HEALTH ENTERPRISE SUITE (RHES),https://www.srithealthcare.com/,HMIS,private,India,UNKNOWN,ABDM_REGISTRY,True,2022-11-17,,1,False,,4.0,6.7,5,8,8,5,4.8,3.4,4.2,4.2,VERIFIED,2026-07-25,https://abdm.gov.in/strapicms/api/our-partners  (ABDM official partner registry API),
195,P3,IN-rvs-healthcare-pvt,RVS Healthcare Pvt Ltd,RVS Healthcare Pvt Ltd,https://hru.today,HMIS,private,India,UNKNOWN,ABDM_REGISTRY,True,2025-09-30,,1,False,,4.0,6.7,5,8,8,5,4.8,3.4,4.2,4.2,VERIFIED,2026-07-25,https://abdm.gov.in/strapicms/api/our-partners  (ABDM official partner registry API),
196,P3,IN-rajasthan-government-health-scheme,Rajasthan Government Health Scheme,Rajasthan Government Health Scheme,https://rghs.rajasthan.gov.in/RGHS/home,HMIS,government,India,UNKNOWN,ABDM_REGISTRY,True,2025-04-03,,1,False,,4.0,6.7,5,8,8,5,4.8,3.4,4.2,4.2,VERIFIED,2026-07-25,https://abdm.gov.in/strapicms/api/our-partners  (ABDM official partner registry API),
197,P3,IN-ramalogy-private,Ramalogy Private Limited,Ramalogy Private Limited,https://ramalogy.com/,HMIS,private,India,UNKNOWN,ABDM_REGISTRY,True,2026-02-19,,1,False,,4.0,6.7,5,8,8,5,4.8,3.4,4.2,4.2,VERIFIED,2026-07-25,https://abdm.gov.in/strapicms/api/our-partners  (ABDM official partner registry API),
198,P3,IN-raxa-health,Raxa Health,Raxa Health,https://www.raxa.com/,HMIS|Health Locker|Health Tech|PHR App,private,India,UNKNOWN,ABDM_REGISTRY,True,2022-02-02,2025-04-30,1,False,,4.0,6.7,5,8,8,5,4.8,3.4,4.2,4.2,VERIFIED,2026-07-25,https://abdm.gov.in/strapicms/api/our-partners  (ABDM official partner registry API),
199,P3,IN-rely-technologies-private,Rely Technologies Private Limited,Rely Technologies Private Limited,https://relyhealthtech.com,HMIS,private,India,UNKNOWN,ABDM_REGISTRY,True,2023-10-01,2024-09-30,1,False,,4.0,6.7,5,8,8,5,4.8,3.4,4.2,4.2,VERIFIED,2026-07-25,https://abdm.gov.in/strapicms/api/our-partners  (ABDM official partner registry API),
200,P3,IN-rescribe-by-scorg-technologies-pvt,Rescribe by Scorg Technologies Pvt Ltd,Rescribe by Scorg Technologies Pvt Ltd,https://rescribe.in,HMIS,private,India,UNKNOWN,ABDM_REGISTRY,True,2025-09-24,,1,False,,4.0,6.7,5,8,8,5,4.8,3.4,4.2,4.2,VERIFIED,2026-07-25,https://abdm.gov.in/strapicms/api/our-partners  (ABDM official partner registry API),
201,P3,IN-rigved-technologies-pvt,Rigved Technologies Pvt. Ltd.,Rigved Technologies Pvt. Ltd.,https://www.rigvedtech.com/,HMIS,private,India,UNKNOWN,ABDM_REGISTRY,True,2025-07-05,,1,False,,4.0,6.7,5,8,8,5,4.8,3.4,4.2,4.2,VERIFIED,2026-07-25,https://abdm.gov.in/strapicms/api/our-partners  (ABDM official partner registry API),
202,P3,IN-s2-infotech-international,S2 Infotech International Limited,S2 Infotech International Limited,https://axishmis.com/ ,HMIS,private,India,UNKNOWN,ABDM_REGISTRY,True,2022-12-22,,1,False,,4.0,6.7,5,8,8,5,4.8,3.4,4.2,4.2,VERIFIED,2026-07-25,https://abdm.gov.in/strapicms/api/our-partners  (ABDM official partner registry API),
203,P3,IN-sanharabs-india-pvt,SANHARABS INDIA PVT LTD,SANHARABS INDIA PVT LTD,https://www.sanharabs.com/,HMIS,private,India,UNKNOWN,ABDM_REGISTRY,True,2025-04-04,,1,False,,4.0,6.7,5,8,8,5,4.8,3.4,4.2,4.2,VERIFIED,2026-07-25,https://abdm.gov.in/strapicms/api/our-partners  (ABDM official partner registry API),
204,P3,IN-satra-services-and-solutions-private,SATRA Services and Solutions Private Limited,SATRA Services and Solutions Private Limited,https://www.satragroup.in ,HMIS,private,India,UNKNOWN,ABDM_REGISTRY,True,2025-01-17,,1,False,,4.0,6.7,5,8,8,5,4.8,3.4,4.2,4.2,VERIFIED,2026-07-25,https://abdm.gov.in/strapicms/api/our-partners  (ABDM official partner registry API),
205,P3,IN-sirobilt-software-services-private,SIROBILT SOFTWARE SERVICES PRIVATE LIMITED,SIROBILT SOFTWARE SERVICES PRIVATE LIMITED,https://sirobilt.com/,HMIS,private,India,UNKNOWN,ABDM_REGISTRY,True,2026-01-08,,1,False,,4.0,6.7,5,8,8,5,4.8,3.4,4.2,4.2,VERIFIED,2026-07-25,https://abdm.gov.in/strapicms/api/our-partners  (ABDM official partner registry API),
206,P3,IN-softcure-technology,SOFTCURE TECHNOLOGY LLP,SOFTCURE TECHNOLOGY LLP,https://www.softcure.in/,HMIS,private,India,UNKNOWN,ABDM_REGISTRY,True,2024-04-25,2025-04-08,1,True,,4.0,6.7,5,8,8,7,4.8,3.4,4.2,4.2,VERIFIED,2026-07-25,https://abdm.gov.in/strapicms/api/our-partners  (ABDM official partner registry API),
207,P3,IN-softman-software-system,SOFTMAN SOFTWARE SYSTEM,SOFTMAN SOFTWARE SYSTEM,www.datamateindia.com,HMIS,private,India,UNKNOWN,ABDM_REGISTRY,True,2026-06-29,,1,False,,4.0,6.7,5,8,8,5,4.8,3.4,4.2,4.2,VERIFIED,2026-07-25,https://abdm.gov.in/strapicms/api/our-partners  (ABDM official partner registry API),
208,P3,IN-sri-laxmi-kravia-techlabs-private,SRI LAXMI KRAVIA TECHLABS PRIVATE LIMITED,SRI LAXMI KRAVIA TECHLABS PRIVATE LIMITED,https://hops.healthcare/,HMIS|LMIS,private,India,UNKNOWN,ABDM_REGISTRY,True,2024-04-25,2025-03-31,1,True,,4.0,6.7,5,8,8,7,4.8,3.4,4.2,4.2,VERIFIED,2026-07-25,https://abdm.gov.in/strapicms/api/our-partners  (ABDM official partner registry API),
209,P3,IN-suja-associates-private,SUJA Associates Private Limited,SUJA Associates Private Limited,https://www.sujainfo.com/,HMIS,private,India,UNKNOWN,ABDM_REGISTRY,True,2025-08-27,,1,False,,4.0,6.7,5,8,8,5,4.8,3.4,4.2,4.2,VERIFIED,2026-07-25,https://abdm.gov.in/strapicms/api/our-partners  (ABDM official partner registry API),
210,P3,IN-sunil-medico-softwares,SUNIL MEDICO SOFTWARES,SUNIL MEDICO SOFTWARES,https://www.sunilmedicosoftwares.com/,HMIS,private,India,UNKNOWN,ABDM_REGISTRY,True,2026-02-26,,1,False,,4.0,6.7,5,8,8,5,4.8,3.4,4.2,4.2,VERIFIED,2026-07-25,https://abdm.gov.in/strapicms/api/our-partners  (ABDM official partner registry API),
211,P3,IN-scisco-it-solutions-pvt,Scisco IT Solutions Pvt Ltd,Scisco IT Solutions Pvt Ltd,http://scisco.co.in/,HMIS,private,India,UNKNOWN,ABDM_REGISTRY,True,2026-03-29,,1,False,,4.0,6.7,5,8,8,5,4.8,3.4,4.2,4.2,VERIFIED,2026-07-25,https://abdm.gov.in/strapicms/api/our-partners  (ABDM official partner registry API),
212,P3,IN-sher-i-kashmir-institute-of-medical-sciences,Sher-I-Kashmir Institute of Medical Sciences,Sher-I-Kashmir Institute of Medical Sciences,https://skims.ac.in/,HMIS,government,India,UNKNOWN,ABDM_REGISTRY,True,2023-08-31,2024-07-31,1,False,,4.0,6.7,5,8,8,5,4.8,3.4,4.2,4.2,VERIFIED,2026-07-25,https://abdm.gov.in/strapicms/api/our-partners  (ABDM official partner registry API),
213,P3,IN-shivam-medisoft-private,Shivam Medisoft Private Limited,Shivam Medisoft Private Limited,https://www.shivammedisoft.com,HMIS,private,India,UNKNOWN,ABDM_REGISTRY,True,2025-01-10,,1,False,,4.0,6.7,5,8,8,5,4.8,3.4,4.2,4.2,VERIFIED,2026-07-25,https://abdm.gov.in/strapicms/api/our-partners  (ABDM official partner registry API),
214,P3,IN-shrimad-rajchandra-hospital-and-research-centre,Shrimad Rajchandra Hospital and Research Centre,Shrimad Rajchandra Hospital and Research Centre,https://hospital.srmd.org/,HMIS,private,India,UNKNOWN,ABDM_REGISTRY,True,2023-11-16,,1,False,,4.0,6.7,5,8,8,5,4.8,3.4,4.2,4.2,VERIFIED,2026-07-25,https://abdm.gov.in/strapicms/api/our-partners  (ABDM official partner registry API),
215,P3,IN-skearth-healthcare-pvt,Skearth Healthcare Pvt. Ltd.,Skearth Healthcare Pvt. Ltd.,https://www.5ecare.in,HMIS|Health Locker|NHCX|PHR App,private,India,UNKNOWN,ABDM_REGISTRY,True,2025-04-07,,3,False,,4.0,6.7,5,8,8,5,4.8,3.4,4.2,4.2,VERIFIED,2026-07-25,https://abdm.gov.in/strapicms/api/our-partners  (ABDM official partner registry API),
216,P3,IN-smarthms-solutions-pvt,SmartHMS & Solutions Pvt. Ltd.,SmartHMS & Solutions Pvt. Ltd.,https://shmsolutions.in/hospital-management-system,HMIS|Health Tech|LMIS,private,India,UNKNOWN,ABDM_REGISTRY,True,2024-04-05,2025-03-31,1,False,,4.0,6.7,5,8,8,5,4.8,3.4,4.2,4.2,VERIFIED,2026-07-25,https://abdm.gov.in/strapicms/api/our-partners  (ABDM official partner registry API),
217,P3,IN-society-of-education-welfare-action-rural,Society of Education Welfare Action Rural,Society of Education Welfare Action Rural, https://care.sewarural.org/,HMIS,unknown,India,UNKNOWN,ABDM_REGISTRY,True,2025-03-14,,1,False,,4.0,6.7,5,8,8,5,4.8,3.4,4.2,4.2,VERIFIED,2026-07-25,https://abdm.gov.in/strapicms/api/our-partners  (ABDM official partner registry API),
218,P3,IN-sofscript-systems-services,Sofscript Systems & Services Ltd,Sofscript Systems & Services Ltd,https://sofscript.com/,HMIS,private,India,UNKNOWN,ABDM_REGISTRY,True,2026-01-29,,1,False,,4.0,6.7,5,8,8,5,4.8,3.4,4.2,4.2,VERIFIED,2026-07-25,https://abdm.gov.in/strapicms/api/our-partners  (ABDM official partner registry API),
219,P3,IN-softcane-solutions-pvt,Softcane Solutions Pvt. Ltd.,Softcane Solutions Pvt. Ltd.,https://softcane.com,HMIS,private,India,UNKNOWN,ABDM_REGISTRY,True,2026-05-20,,1,False,,4.0,6.7,5,8,8,5,4.8,3.4,4.2,4.2,VERIFIED,2026-07-25,https://abdm.gov.in/strapicms/api/our-partners  (ABDM official partner registry API),
220,P3,IN-sri-ramakrishna-hospital,Sri Ramakrishna Hospital,Sri Ramakrishna Hospital,https://www.sriramakrishnahospital.com ,HMIS,private,India,UNKNOWN,ABDM_REGISTRY,True,2024-05-20,,1,False,,4.0,6.7,5,8,8,5,4.8,3.4,4.2,4.2,VERIFIED,2026-07-25,https://abdm.gov.in/strapicms/api/our-partners  (ABDM official partner registry API),
221,P3,IN-suvarna-arogya-suraksha-trust,Suvarna Arogya Suraksha Trust,Suvarna Arogya Suraksha Trust,https://sast.karnataka.gov.in/sast/,HMIS,private,India,UNKNOWN,ABDM_REGISTRY,True,2025-05-03,,1,False,,4.0,6.7,5,8,8,5,4.8,3.4,4.2,4.2,VERIFIED,2026-07-25,https://abdm.gov.in/strapicms/api/our-partners  (ABDM official partner registry API),
222,P3,IN-suvarna-technosoft-pvt,Suvarna Technosoft Pvt. Ltd.,Suvarna Technosoft Pvt. Ltd.,https://suvarna.co.in/,HMIS|Health Tech|LMIS,private,India,UNKNOWN,ABDM_REGISTRY,True,2024-06-28,,1,False,,4.0,6.7,5,8,8,5,4.8,3.4,4.2,4.2,VERIFIED,2026-07-25,https://abdm.gov.in/strapicms/api/our-partners  (ABDM official partner registry API),
223,P3,IN-swasthya-ingit,Swasthya Ingit,Swasthya Ingit,https://www.swasthyaingit.in/ ,HMIS,government,India,UNKNOWN,ABDM_REGISTRY,True,2023-08-23,,1,False,,4.0,6.7,5,8,8,5,4.8,3.4,4.2,4.2,VERIFIED,2026-07-25,https://abdm.gov.in/strapicms/api/our-partners  (ABDM official partner registry API),
224,P3,IN-swingbell-labs,SwingBell Labs,SwingBell Labs,https://www.swingbell.com/,HMIS,private,India,UNKNOWN,ABDM_REGISTRY,True,2024-07-30,,1,False,,4.0,6.7,5,8,8,5,4.8,3.4,4.2,4.2,VERIFIED,2026-07-25,https://abdm.gov.in/strapicms/api/our-partners  (ABDM official partner registry API),
225,P3,IN-symbiosis-university-hospital-and-research-centre,Symbiosis University Hospital and Research Centre,Symbiosis University Hospital and Research Centre,https://symbiosisuniversityhospital.com,HMIS,private,India,UNKNOWN,ABDM_REGISTRY,True,2025-07-23,,1,False,,4.0,6.7,5,8,8,5,4.8,3.4,4.2,4.2,VERIFIED,2026-07-25,https://abdm.gov.in/strapicms/api/our-partners  (ABDM official partner registry API),
226,P3,IN-telerad-tech-private,TELERAD TECH Private Limited,TELERAD TECH Private Limited,https://teleradtech.com/ ,HMIS,private,India,UNKNOWN,ABDM_REGISTRY,True,2025-12-17,,1,False,,4.0,6.7,5,8,8,5,4.8,3.4,4.2,4.2,VERIFIED,2026-07-25,https://abdm.gov.in/strapicms/api/our-partners  (ABDM official partner registry API),
227,P3,IN-tirupati-software-infotech-pvt,TIRUPATI SOFTWARE INFOTECH PVT. LTD.,TIRUPATI SOFTWARE INFOTECH PVT. LTD.,https://www.tirupati-international.in,HMIS,private,India,UNKNOWN,ABDM_REGISTRY,True,2026-06-02,,1,False,,4.0,6.7,5,8,8,5,4.8,3.4,4.2,4.2,VERIFIED,2026-07-25,https://abdm.gov.in/strapicms/api/our-partners  (ABDM official partner registry API),
228,P3,IN-trrev-technology-opc-private,TRRev Technology (OPC) Private Limited,TRRev Technology (OPC) Private Limited, https://www.doctorsapp.in/,HMIS,private,India,UNKNOWN,ABDM_REGISTRY,True,2026-05-25,,1,False,,4.0,6.7,5,8,8,5,4.8,3.4,4.2,4.2,VERIFIED,2026-07-25,https://abdm.gov.in/strapicms/api/our-partners  (ABDM official partner registry API),
229,P3,IN-tata-medical-and-diagnostics,Tata Medical and Diagnostics,Tata Medical and Diagnostics,https://tatamd.com/,HMIS,private,India,UNKNOWN,ABDM_REGISTRY,True,2023-05-05,,1,False,,4.0,6.7,5,8,8,5,4.8,3.4,4.2,4.2,VERIFIED,2026-07-25,https://abdm.gov.in/strapicms/api/our-partners  (ABDM official partner registry API),
230,P3,IN-tattva-foundation,Tattva Foundation,Tattva Foundation,https://tattvafoundation.org,HMIS,private,India,UNKNOWN,ABDM_REGISTRY,True,2025-11-25,,1,False,,4.0,6.7,5,8,8,5,4.8,3.4,4.2,4.2,VERIFIED,2026-07-25,https://abdm.gov.in/strapicms/api/our-partners  (ABDM official partner registry API),
231,P3,IN-techsmith-solutions-pvt,TechSmith Solutions Pvt. Ltd,TechSmith Solutions Pvt. Ltd,https://www.techsmith.in,HMIS,private,India,UNKNOWN,ABDM_REGISTRY,True,2026-06-03,,1,False,,4.0,6.7,5,8,8,5,4.8,3.4,4.2,4.2,VERIFIED,2026-07-25,https://abdm.gov.in/strapicms/api/our-partners  (ABDM official partner registry API),
232,P3,IN-tecnospice-tecnologies-pvt,Tecnospice Tecnologies Pvt Ltd,Tecnospice Tecnologies Pvt Ltd,https://emedhub.in/,HMIS,private,India,UNKNOWN,ABDM_REGISTRY,True,2025-10-30,,1,False,,4.0,6.7,5,8,8,5,4.8,3.4,4.2,4.2,VERIFIED,2026-07-25,https://abdm.gov.in/strapicms/api/our-partners  (ABDM official partner registry API),
233,P3,IN-tenwave-infotech-pvt,Tenwave Infotech Pvt. Ltd.,Tenwave Infotech Pvt. Ltd.,https://www.tenwavehealthcare.com/,HMIS,private,India,UNKNOWN,ABDM_REGISTRY,True,2026-02-23,,1,False,,4.0,6.7,5,8,8,5,4.8,3.4,4.2,4.2,VERIFIED,2026-07-25,https://abdm.gov.in/strapicms/api/our-partners  (ABDM official partner registry API),
234,P3,IN-the-gemini-india,The Gemini India,The Gemini India,https://www.thegemini.co.in/,HMIS,private,India,UNKNOWN,ABDM_REGISTRY,True,2026-07-14,,1,False,,4.0,6.7,5,8,8,5,4.8,3.4,4.2,4.2,VERIFIED,2026-07-25,https://abdm.gov.in/strapicms/api/our-partners  (ABDM official partner registry API),
235,P3,IN-third-ai-platforms-private,Third Ai Platforms Private Limited,Third Ai Platforms Private Limited,https://thirdai.co.in/,HMIS,private,India,UNKNOWN,ABDM_REGISTRY,True,2024-06-27,,1,False,,4.0,6.7,5,8,8,5,4.8,3.4,4.2,4.2,VERIFIED,2026-07-25,https://abdm.gov.in/strapicms/api/our-partners  (ABDM official partner registry API),
236,P3,IN-thoughtworks,Thoughtworks,Thoughtworks,https://www.thoughtworks.com/,HMIS,private,India,UNKNOWN,ABDM_REGISTRY,True,2021-11-09,,1,False,,4.0,6.7,5,8,8,5,4.8,3.4,4.2,4.2,VERIFIED,2026-07-25,https://abdm.gov.in/strapicms/api/our-partners  (ABDM official partner registry API),
237,P3,IN-timestream-technologies-private,Timestream Technologies Private Limited,Timestream Technologies Private Limited,https://nuvertos.com/home/,HMIS,private,India,UNKNOWN,ABDM_REGISTRY,True,2023-04-03,,1,False,,4.0,6.7,5,8,8,5,4.8,3.4,4.2,4.2,VERIFIED,2026-07-25,https://abdm.gov.in/strapicms/api/our-partners  (ABDM official partner registry API),
238,P3,IN-tricog-health-india-private,Tricog Health India Private limited,Tricog Health India Private limited,https://www.tricog.com/instaecg/,HMIS,private,India,UNKNOWN,ABDM_REGISTRY,True,2024-08-06,,1,False,,4.0,6.7,5,8,8,5,4.8,3.4,4.2,4.2,VERIFIED,2026-07-25,https://abdm.gov.in/strapicms/api/our-partners  (ABDM official partner registry API),
239,P3,IN-triotree-technologies-pvt,TrioTree Technologies Pvt. Ltd.,TrioTree Technologies Pvt. Ltd.,https://triotree.com/,HMIS,private,India,UNKNOWN,ABDM_REGISTRY,True,2025-02-10,,1,False,,4.0,6.7,5,8,8,5,4.8,3.4,4.2,4.2,VERIFIED,2026-07-25,https://abdm.gov.in/strapicms/api/our-partners  (ABDM official partner registry API),
240,P3,IN-unidoc-healthcare-private,UNIDOC Healthcare Private Limited,UNIDOC Healthcare Private Limited,www.unidoc.in,HMIS,private,India,UNKNOWN,ABDM_REGISTRY,True,2026-07-07,,1,False,,4.0,6.7,5,8,8,5,4.8,3.4,4.2,4.2,VERIFIED,2026-07-25,https://abdm.gov.in/strapicms/api/our-partners  (ABDM official partner registry API),
241,P3,IN-unnati-digital-solutions-private,UNNATI DIGITAL SOLUTIONS PRIVATE LIMITED,UNNATI DIGITAL SOLUTIONS PRIVATE LIMITED,https://unnatidigital.com/,HMIS,private,India,UNKNOWN,ABDM_REGISTRY,True,2025-04-30,,1,False,,4.0,6.7,5,8,8,5,4.8,3.4,4.2,4.2,VERIFIED,2026-07-25,https://abdm.gov.in/strapicms/api/our-partners  (ABDM official partner registry API),
242,P3,IN-unify-digital,Unify Digital LLP,Unify Digital LLP,https://unify.care/,HMIS,private,India,UNKNOWN,ABDM_REGISTRY,True,2025-10-31,,1,False,,4.0,6.7,5,8,8,5,4.8,3.4,4.2,4.2,VERIFIED,2026-07-25,https://abdm.gov.in/strapicms/api/our-partners  (ABDM official partner registry API),
243,P3,IN-vibe-it,VIBE IT SOLUTIONS,VIBE IT SOLUTIONS,https://vibeithms.com,HMIS,private,India,UNKNOWN,ABDM_REGISTRY,True,2026-03-12,,1,False,,4.0,6.7,5,8,8,5,4.8,3.4,4.2,4.2,VERIFIED,2026-07-25,https://abdm.gov.in/strapicms/api/our-partners  (ABDM official partner registry API),
244,P3,IN-vitalic-health,VITALIC HEALTH LIMITED,VITALIC HEALTH LIMITED,https://kivihealth.com,HMIS,private,India,UNKNOWN,ABDM_REGISTRY,True,2025-12-11,,1,False,,4.0,6.7,5,8,8,5,4.8,3.4,4.2,4.2,VERIFIED,2026-07-25,https://abdm.gov.in/strapicms/api/our-partners  (ABDM official partner registry API),
245,P3,IN-vanburen-technlogies-private,Vanburen Technlogies Private Limited,Vanburen Technlogies Private Limited,https://vanburentech.com,HMIS,private,India,UNKNOWN,ABDM_REGISTRY,True,2024-09-06,,1,False,,4.0,6.7,5,8,8,5,4.8,3.4,4.2,4.2,VERIFIED,2026-07-25,https://abdm.gov.in/strapicms/api/our-partners  (ABDM official partner registry API),
246,P3,IN-vesak-technologies-private,Vesak Technologies Private Limited,Vesak Technologies Private Limited,https://www.aarogyaid.com,HMIS,private,India,UNKNOWN,ABDM_REGISTRY,True,2024-08-28,,1,False,,4.0,6.7,5,8,8,5,4.8,3.4,4.2,4.2,VERIFIED,2026-07-25,https://abdm.gov.in/strapicms/api/our-partners  (ABDM official partner registry API),
247,P3,IN-vigorus-ai-private,Vigorus AI Private Limited,Vigorus AI Private Limited,https://www.chikitsa.io/,Connectors|HMIS|NHCX,private,India,UNKNOWN,ABDM_REGISTRY,True,2024-02-29,2025-02-28,4,True,,4.0,6.7,5,8,8,7,4.8,3.4,4.2,4.2,VERIFIED,2026-07-25,https://abdm.gov.in/strapicms/api/our-partners  (ABDM official partner registry API),
248,P3,IN-visual-infosoft-pvt,Visual InfoSoft Pvt. Ltd.,Visual InfoSoft Pvt. Ltd.,visualinfosoft.com,HMIS,private,India,UNKNOWN,ABDM_REGISTRY,True,2026-03-22,,1,False,,4.0,6.7,5,8,8,5,4.8,3.4,4.2,4.2,VERIFIED,2026-07-25,https://abdm.gov.in/strapicms/api/our-partners  (ABDM official partner registry API),
249,P3,IN-vitalytics-professional-services-private,Vitalytics Professional Services Private Limited,Vitalytics Professional Services Private Limited,https://neemandtulsi.com/,HMIS,private,India,UNKNOWN,ABDM_REGISTRY,True,2025-04-09,,1,False,,4.0,6.7,5,8,8,5,4.8,3.4,4.2,4.2,VERIFIED,2026-07-25,https://abdm.gov.in/strapicms/api/our-partners  (ABDM official partner registry API),
250,P3,IN-wisdomleaf-technologies-private,Wisdomleaf Technologies Private Limited,Wisdomleaf Technologies Private Limited,https://www.genamet.com/,HMIS,private,India,UNKNOWN,ABDM_REGISTRY,True,2025-11-19,,1,False,,4.0,6.7,5,8,8,5,4.8,3.4,4.2,4.2,VERIFIED,2026-07-25,https://abdm.gov.in/strapicms/api/our-partners  (ABDM official partner registry API),
251,P3,IN-zebricon,ZEBRICON TECHNOLOGIES,ZEBRICON TECHNOLOGIES,https://zebricon.com,HMIS,private,India,UNKNOWN,ABDM_REGISTRY,True,2025-09-30,,1,False,,4.0,6.7,5,8,8,5,4.8,3.4,4.2,4.2,VERIFIED,2026-07-25,https://abdm.gov.in/strapicms/api/our-partners  (ABDM official partner registry API),
252,P3,IN-eclinical-india-pvt,eClinical India Pvt Ltd.,eClinical India Pvt Ltd.,https://eclinicalworks.in/,Connectors|HMIS|Health Tech|LMIS,private,India,UNKNOWN,ABDM_REGISTRY,True,2024-03-28,2025-02-28,1,False,,4.0,6.7,5,8,8,5,4.8,3.4,4.2,4.2,VERIFIED,2026-07-25,https://abdm.gov.in/strapicms/api/our-partners  (ABDM official partner registry API),
253,P3,IN-evaidya-private,eVaidya Private Limited,eVaidya Private Limited,https://evaidya.com/,HMIS,private,India,UNKNOWN,ABDM_REGISTRY,True,2023-01-27,,1,False,,4.0,6.7,5,8,8,5,4.8,3.4,4.2,4.2,VERIFIED,2026-07-25,https://abdm.gov.in/strapicms/api/our-partners  (ABDM official partner registry API),
254,P3,IN-e-raktkosh-bbms,e-Raktkosh / BBMS,C-DAC / NHM,https://eraktkosh.mohfw.gov.in,Blood Bank,government,India,NATIONAL,CURATED,False,,,0,False,,5.5,3.4,2,6,2,4,9.0,5,4.0,4.1,VERIFIED,2026-07-25,https://www.cdac.gov.in/index.aspx?id=print_page&print=achieve_health_informatics,"National blood bank management, designed to NACO + NABH guidelines."
255,P3,IN-intersystems-trakcare,InterSystems TrakCare,InterSystems,https://www.intersystems.com/trakcare/,HMIS,private,USA/Global,NICHE,CURATED,False,,,0,False,,3.0,8.0,8,8,8,4,3.0,3,4.0,4.0,VERIFIED,2026-07-25,https://intuitionlabs.ai/articles/global-health-information-systems,Deployed in 25-29 countries; strong Middle East/APAC. India presence via IRIS data platform and select hospitals.
256,P3,IN-radspa-ris-pacs,RADSpa RIS-PACS,Telerad Tech (Bengaluru),https://teleradtech.com,RIS/PACS,private,India,MID,CURATED,False,,,0,False,,4.8,4.1,2,8,2,4,9.0,3,3.9,3.9,VERIFIED,2026-07-25,https://teleradtech.com,"Founded 2009, Bengaluru + US office. Integrated RIS-PACS for teleradiology, imaging centres, hospitals. Indian-origin imaging automation target."
257,P3,IN-abdm-and-nhm-ladakh,ABDM and NHM Ladakh,ABDM and NHM Ladakh,https://www.nhmladakh.in/,Government Programs,private,India,UNKNOWN,ABDM_REGISTRY,True,2025-05-20,,1,False,,3.5,6.7,5,8,8,5,4.8,3.4,3.9,3.9,VERIFIED,2026-07-25,https://abdm.gov.in/strapicms/api/our-partners  (ABDM official partner registry API),
258,P3,IN-central-tb-division-mohfw,"Central TB Division, MoHFW","Central TB Division, MoHFW",https://www.nikshay.in/,Government Programs|Others,government,India,UNKNOWN,ABDM_REGISTRY,True,2022-02-07,,1,False,,3.5,6.7,5,8,8,5,4.8,3.4,3.9,3.9,VERIFIED,2026-07-25,https://abdm.gov.in/strapicms/api/our-partners  (ABDM official partner registry API),
259,P3,IN-commissioner-of-health-family-welfare-telangana,"Commissioner of Health & Family Welfare, Telangana","Commissioner of Health & Family Welfare, Telangana",https://chfw.telangana.gov.in/,Government Programs|LMIS,government,India,UNKNOWN,ABDM_REGISTRY,True,2025-08-14,,2,False,,3.5,6.7,5,8,8,5,4.8,3.4,3.9,3.9,VERIFIED,2026-07-25,https://abdm.gov.in/strapicms/api/our-partners  (ABDM official partner registry API),
260,P3,IN-cowin,Cowin,Cowin,https://www.cowin.gov.in/,Government Programs|Others,government,India,UNKNOWN,ABDM_REGISTRY,True,2023-09-03,,1,False,,3.5,6.7,5,8,8,5,4.8,3.4,3.9,3.9,VERIFIED,2026-07-25,https://abdm.gov.in/strapicms/api/our-partners  (ABDM official partner registry API),
261,P3,IN-department-of-health-and-family-welfare-assam,"Department of health and family welfare, Assam","Department of health and family welfare, Assam",https://hfw.assam.gov.in/,Government Programs,government,India,UNKNOWN,ABDM_REGISTRY,True,2023-12-12,,1,False,,3.5,6.7,5,8,8,5,4.8,3.4,3.9,3.9,VERIFIED,2026-07-25,https://abdm.gov.in/strapicms/api/our-partners  (ABDM official partner registry API),
262,P3,IN-department-of-health-and-family-welfare-manipur,"Department of health and family welfare, Manipur","Department of health and family welfare, Manipur",https://manipurhealthdirectorate.mn.gov.in/,Government Programs,government,India,UNKNOWN,ABDM_REGISTRY,True,2023-12-12,,1,False,,3.5,6.7,5,8,8,5,4.8,3.4,3.9,3.9,VERIFIED,2026-07-25,https://abdm.gov.in/strapicms/api/our-partners  (ABDM official partner registry API),
263,P3,IN-department-of-health-and-family-welfare-meghalaya,"Department of health and family welfare, Meghalaya","Department of health and family welfare, Meghalaya",https://meghealth.gov.in/,Government Programs,government,India,UNKNOWN,ABDM_REGISTRY,True,2023-12-15,,1,False,,3.5,6.7,5,8,8,5,4.8,3.4,3.9,3.9,VERIFIED,2026-07-25,https://abdm.gov.in/strapicms/api/our-partners  (ABDM official partner registry API),
264,P3,IN-department-of-health-and-family-welfare-nagaland,"Department of health and family welfare, Nagaland","Department of health and family welfare, Nagaland",https://care.nagaland.gov.in/,Government Programs,government,India,UNKNOWN,ABDM_REGISTRY,True,2023-12-12,,1,False,,3.5,6.7,5,8,8,5,4.8,3.4,3.9,3.9,VERIFIED,2026-07-25,https://abdm.gov.in/strapicms/api/our-partners  (ABDM official partner registry API),
265,P3,IN-department-of-health-and-family-welfare-sikkim,"Department of health and family welfare, Sikkim","Department of health and family welfare, Sikkim",https://sikkim.gov.in/departments/health-family-welfare-department,Government Programs,government,India,UNKNOWN,ABDM_REGISTRY,True,2023-12-12,,1,False,,3.5,6.7,5,8,8,5,4.8,3.4,3.9,3.9,VERIFIED,2026-07-25,https://abdm.gov.in/strapicms/api/our-partners  (ABDM official partner registry API),
266,P3,IN-government-of-gujarat,Government Of Gujarat,Government Of Gujarat,https://techo.gujarat.gov.in,Government Programs,government,India,UNKNOWN,ABDM_REGISTRY,True,2022-09-12,,1,False,,3.5,6.7,5,8,8,5,4.8,3.4,3.9,3.9,VERIFIED,2026-07-25,https://abdm.gov.in/strapicms/api/our-partners  (ABDM official partner registry API),
267,P3,IN-government-of-uttar-pradesh,Government Of Uttar Pradesh,Government Of Uttar Pradesh,https://ekavach.upnrhm.gov.in,Government Programs,government,India,UNKNOWN,ABDM_REGISTRY,True,2022-02-10,,1,False,,3.5,6.7,5,8,8,5,4.8,3.4,3.9,3.9,VERIFIED,2026-07-25,https://abdm.gov.in/strapicms/api/our-partners  (ABDM official partner registry API),
268,P3,IN-government-of-rajasthan-chip,Government of Rajasthan - CHIP,Government of Rajasthan - CHIP,https://www.khushibaby.org/,Government Programs,government,India,UNKNOWN,ABDM_REGISTRY,True,2023-10-23,2024-09-30,1,False,,3.5,6.7,5,8,8,5,4.8,3.4,3.9,3.9,VERIFIED,2026-07-25,https://abdm.gov.in/strapicms/api/our-partners  (ABDM official partner registry API),
269,P3,IN-hfws-karnataka-samasta,HFWS Karnataka (SAMASTA),HFWS Karnataka (SAMASTA),https://samasta.karnataka.gov.in/ ,Government Programs,private,India,UNKNOWN,ABDM_REGISTRY,True,2025-04-25,,1,False,,3.5,6.7,5,8,8,5,4.8,3.4,3.9,3.9,VERIFIED,2026-07-25,https://abdm.gov.in/strapicms/api/our-partners  (ABDM official partner registry API),
270,P3,IN-health-department-dnh-dd,Health Department DNH & DD,Health Department DNH & DD,http://vbch.dnh.nic.in/,Government Programs|Others,government,India,UNKNOWN,ABDM_REGISTRY,True,2021-06-11,,1,False,,3.5,6.7,5,8,8,5,4.8,3.4,3.9,3.9,VERIFIED,2026-07-25,https://abdm.gov.in/strapicms/api/our-partners  (ABDM official partner registry API),
271,P3,IN-medplat-ddd-phmp,MEDplat DDD-PHMP,MEDplat DDD-PHMP,https://ddd-phmp.argusoft.com,Government Programs,private,India,UNKNOWN,ABDM_REGISTRY,True,2024-09-20,2025-07-29,1,True,,3.5,6.7,5,8,8,7,4.8,3.4,3.9,3.9,VERIFIED,2026-07-25,https://abdm.gov.in/strapicms/api/our-partners  (ABDM official partner registry API),
272,P3,IN-ncd-india,NCD India,NCD India,https://ncd.nhp.gov.in/#/login,Government Programs|Others,government,India,UNKNOWN,ABDM_REGISTRY,True,2021-09-03,,1,False,,3.5,6.7,5,8,8,5,4.8,3.4,3.9,3.9,VERIFIED,2026-07-25,https://abdm.gov.in/strapicms/api/our-partners  (ABDM official partner registry API),
273,P3,IN-national-health-authority,National Health Authority,National Health Authority,https://pmjay.gov.in/about/nha,Government Programs|Others,government,India,UNKNOWN,ABDM_REGISTRY,True,2020-12-31,,2,False,,3.5,6.7,5,8,8,5,4.8,3.4,3.9,3.9,VERIFIED,2026-07-25,https://abdm.gov.in/strapicms/api/our-partners  (ABDM official partner registry API),
274,P3,IN-national-health-mission-andhra-pradesh,"National Health Mission, Andhra Pradesh","National Health Mission, Andhra Pradesh",http://hmfw.ap.gov.in/nhm-org.aspx,Government Programs|Others,government,India,UNKNOWN,ABDM_REGISTRY,True,2021-09-27,,1,False,,3.5,6.7,5,8,8,5,4.8,3.4,3.9,3.9,VERIFIED,2026-07-25,https://abdm.gov.in/strapicms/api/our-partners  (ABDM official partner registry API),
275,P3,IN-national-viral-hepatitis-control-program-nvhcp,National Viral Hepatitis Control Program (NVHCP),National Viral Hepatitis Control Program (NVHCP),https://www.nhp.gov.in/national-viral-hepatitis-control-program-(nvhcp)_pg,Government Programs|Others,government,India,UNKNOWN,ABDM_REGISTRY,True,2022-02-08,,1,False,,3.5,6.7,5,8,8,5,4.8,3.4,3.9,3.9,VERIFIED,2026-07-25,https://abdm.gov.in/strapicms/api/our-partners  (ABDM official partner registry API),
276,P3,IN-pune-smart-city-development-corporation,Pune Smart City Development Corporation Limited,Pune Smart City Development Corporation Limited,https://smarthmis.oasyshealth.co,Government Programs,private,India,UNKNOWN,ABDM_REGISTRY,True,2025-08-14,,1,False,,3.5,6.7,5,8,8,5,4.8,3.4,3.9,3.9,VERIFIED,2026-07-25,https://abdm.gov.in/strapicms/api/our-partners  (ABDM official partner registry API),
277,P3,IN-swasthya-sathi-samiti-health-and-family-welfare-dept-govt-of,"Swasthya Sathi Samiti, Health and Family Welfare dept., Govt. of West Bengal","Swasthya Sathi Samiti, Health and Family Welfare dept., Govt. of West Bengal",https://swasthyasathi.gov.in/,Government Programs|Insurance,government,India,UNKNOWN,ABDM_REGISTRY,True,2025-05-26,,1,False,,3.5,6.7,5,8,8,5,4.8,3.4,3.9,3.9,VERIFIED,2026-07-25,https://abdm.gov.in/strapicms/api/our-partners  (ABDM official partner registry API),
278,P3,IN-uttarakhand-health-and-family-welfare-society,Uttarakhand Health and Family Welfare Society,Uttarakhand Health and Family Welfare Society,https://uktelemedicine.in/,Government Programs|Others,government,India,UNKNOWN,ABDM_REGISTRY,True,2022-03-21,,1,False,,3.5,6.7,5,8,8,5,4.8,3.4,3.9,3.9,VERIFIED,2026-07-25,https://abdm.gov.in/strapicms/api/our-partners  (ABDM official partner registry API),
279,P3,IN-agilus-diagnostics,Agilus Diagnostics Limited,Agilus Diagnostics Limited,https://agilusdiagnostics.com,LMIS,private,India,UNKNOWN,ABDM_REGISTRY,True,2021-08-24,,1,False,,3.4,6.7,5,8,8,5,4.8,3.4,3.9,3.9,VERIFIED,2026-07-25,https://abdm.gov.in/strapicms/api/our-partners  (ABDM official partner registry API),
280,P3,IN-blue-pearl-health-tech-pvt,Blue Pearl Health Tech Pvt Ltd,Blue Pearl Health Tech Pvt Ltd,https://www.elabassist.com/,LMIS,private,India,UNKNOWN,ABDM_REGISTRY,True,2024-10-14,,1,False,,3.4,6.7,5,8,8,5,4.8,3.4,3.9,3.9,VERIFIED,2026-07-25,https://abdm.gov.in/strapicms/api/our-partners  (ABDM official partner registry API),
281,P3,IN-busysoft-systems-private,Busysoft Systems Private Limited,Busysoft Systems Private Limited,http://www.busysoftsystems.com,LMIS,private,India,UNKNOWN,ABDM_REGISTRY,True,2025-05-19,,1,False,,3.4,6.7,5,8,8,5,4.8,3.4,3.9,3.9,VERIFIED,2026-07-25,https://abdm.gov.in/strapicms/api/our-partners  (ABDM official partner registry API),
282,P3,IN-csc-healthcare-wellness-services,CSC Healthcare & Wellness Services Limited,CSC Healthcare & Wellness Services Limited,https://cschealthcare.in ,LMIS,private,India,UNKNOWN,ABDM_REGISTRY,True,2025-06-27,,1,False,,3.4,6.7,5,8,8,5,4.8,3.4,3.9,3.9,VERIFIED,2026-07-25,https://abdm.gov.in/strapicms/api/our-partners  (ABDM official partner registry API),
283,P3,IN-dr-lal-pathlabs,Dr Lal PathLabs,Dr Lal PathLabs,https://www.lalpathlabs.com/,LMIS,private,India,UNKNOWN,ABDM_REGISTRY,True,2024-01-04,2024-12-31,1,False,,3.4,6.7,5,8,8,5,4.8,3.4,3.9,3.9,VERIFIED,2026-07-25,https://abdm.gov.in/strapicms/api/our-partners  (ABDM official partner registry API),
284,P3,IN-ezerx-health-tech-pvt,EzeRx Health Tech Pvt. Ltd.,EzeRx Health Tech Pvt. Ltd.,https://www.ezerx.in,LMIS,private,India,UNKNOWN,ABDM_REGISTRY,True,2026-07-01,,1,False,,3.4,6.7,5,8,8,5,4.8,3.4,3.9,3.9,VERIFIED,2026-07-25,https://abdm.gov.in/strapicms/api/our-partners  (ABDM official partner registry API),
285,P3,IN-hscc-india,HSCC (INDIA) LIMITED,HSCC (INDIA) LIMITED,http://www.hsccltd.co.in,LMIS,private,India,UNKNOWN,ABDM_REGISTRY,True,2025-10-29,,1,False,,3.4,6.7,5,8,8,5,4.8,3.4,3.9,3.9,VERIFIED,2026-07-25,https://abdm.gov.in/strapicms/api/our-partners  (ABDM official partner registry API),
286,P3,IN-hindustan-wellness-pvt,Hindustan Wellness Pvt. Ltd,Hindustan Wellness Pvt. Ltd,https://hindustanwellness.com,LMIS,private,India,UNKNOWN,ABDM_REGISTRY,True,2025-11-28,,1,False,,3.4,6.7,5,8,8,5,4.8,3.4,3.9,3.9,VERIFIED,2026-07-25,https://abdm.gov.in/strapicms/api/our-partners  (ABDM official partner registry API),
287,P3,IN-isiri-technologies-pvt,ISIRI Technologies Pvt Ltd,ISIRI Technologies Pvt Ltd,https://ayuslab.com/,LMIS,private,India,UNKNOWN,ABDM_REGISTRY,True,2026-01-19,,1,False,,3.4,6.7,5,8,8,5,4.8,3.4,3.9,3.9,VERIFIED,2026-07-25,https://abdm.gov.in/strapicms/api/our-partners  (ABDM official partner registry API),
288,P3,IN-krsnaa-diagnostics,Krsnaa Diagnostics Ltd.,Krsnaa Diagnostics Ltd.,https://krsnaadiagnostics.com/,LMIS,private,India,UNKNOWN,ABDM_REGISTRY,True,2025-06-30,,1,False,,3.4,6.7,5,8,8,5,4.8,3.4,3.9,3.9,VERIFIED,2026-07-25,https://abdm.gov.in/strapicms/api/our-partners  (ABDM official partner registry API),
289,P3,IN-livehealth,Livehealth,Livehealth,https://creliohealth.com/,LMIS,private,India,UNKNOWN,ABDM_REGISTRY,True,2021-12-31,,1,False,,3.4,6.7,5,8,8,5,4.8,3.4,3.9,3.9,VERIFIED,2026-07-25,https://abdm.gov.in/strapicms/api/our-partners  (ABDM official partner registry API),
290,P3,IN-mediquity-technologies-pvt-ltd-sharp-lims,MEDIQUITY TECHNOLOGIES PVT. LTD (SHARP LIMS),MEDIQUITY TECHNOLOGIES PVT. LTD (SHARP LIMS),https://mediquity.in/,LMIS,private,India,UNKNOWN,ABDM_REGISTRY,True,2026-01-21,,1,False,,3.4,6.7,5,8,8,5,4.8,3.4,3.9,3.9,VERIFIED,2026-07-25,https://abdm.gov.in/strapicms/api/our-partners  (ABDM official partner registry API),
291,P3,IN-pathkind-diagnostics-private,PATHKIND DIAGNOSTICS PRIVATE LIMITED,PATHKIND DIAGNOSTICS PRIVATE LIMITED,https://www.pathkindlabs.com,LMIS,private,India,UNKNOWN,ABDM_REGISTRY,True,2025-09-30,,1,False,,3.4,6.7,5,8,8,5,4.8,3.4,3.9,3.9,VERIFIED,2026-07-25,https://abdm.gov.in/strapicms/api/our-partners  (ABDM official partner registry API),
292,P3,IN-remidio-innovative-solutions-pvt,Remidio Innovative Solutions Pvt Ltd,Remidio Innovative Solutions Pvt Ltd,https://www.remidio.com/,LMIS,private,India,UNKNOWN,ABDM_REGISTRY,True,2025-06-10,,1,False,,3.4,6.7,5,8,8,5,4.8,3.4,3.9,3.9,VERIFIED,2026-07-25,https://abdm.gov.in/strapicms/api/our-partners  (ABDM official partner registry API),
293,P3,IN-softmed-technologies,Softmed Technologies LLP,Softmed Technologies LLP,https://softmedtech.com,LMIS,private,India,UNKNOWN,ABDM_REGISTRY,True,2025-09-29,,1,False,,3.4,6.7,5,8,8,5,4.8,3.4,3.9,3.9,VERIFIED,2026-07-25,https://abdm.gov.in/strapicms/api/our-partners  (ABDM official partner registry API),
294,P3,IN-sufalam-solutions-pvt,Sufalam Solutions Pvt. Ltd.,Sufalam Solutions Pvt. Ltd.,https://www.sufalam.com/,LMIS,private,India,UNKNOWN,ABDM_REGISTRY,True,2024-07-05,,1,False,,3.4,6.7,5,8,8,5,4.8,3.4,3.9,3.9,VERIFIED,2026-07-25,https://abdm.gov.in/strapicms/api/our-partners  (ABDM official partner registry API),
295,P3,IN-sunfox-technologies-private,Sunfox Technologies Private Limited,Sunfox Technologies Private Limited,https://sunfox.in/,LMIS,private,India,UNKNOWN,ABDM_REGISTRY,True,2025-05-06,,1,False,,3.4,6.7,5,8,8,5,4.8,3.4,3.9,3.9,VERIFIED,2026-07-25,https://abdm.gov.in/strapicms/api/our-partners  (ABDM official partner registry API),
296,P3,IN-wrig-nanosystems-private,Wrig Nanosystems Private Limited,Wrig Nanosystems Private Limited,https://truehb.com/,LMIS,private,India,UNKNOWN,ABDM_REGISTRY,True,2026-04-06,,1,False,,3.4,6.7,5,8,8,5,4.8,3.4,3.9,3.9,VERIFIED,2026-07-25,https://abdm.gov.in/strapicms/api/our-partners  (ABDM official partner registry API),
297,P3,IN-zealthix-technologies-private,Zealthix Technologies Private Limited,Zealthix Technologies Private Limited,https://zealthix.com,Connectors|Health Tech|LMIS,private,India,UNKNOWN,ABDM_REGISTRY,True,2025-04-23,2024-11-30,1,False,,3.4,6.7,5,8,8,5,4.8,3.4,3.9,3.9,VERIFIED,2026-07-25,https://abdm.gov.in/strapicms/api/our-partners  (ABDM official partner registry API),
298,P3,IN-epic,Epic,Epic Systems,https://www.epic.com,EMR,private,USA/Global,NICHE,CURATED,False,,,0,False,,2.8,8.0,8,8,8,4,3.0,3,3.9,3.9,VERIFIED,2026-07-25,https://open.epic.com,~29% US hospital share; limited but growing non-US. Minimal Indian provider footprint; relevant mainly to India GCC/offshore delivery and a few elite private groups. open.epic FHIR APIs.
299,P3,IN-oracle-health-cerner,Oracle Health (Cerner),Oracle,https://www.oracle.com/health/,EMR,private,USA/Global,NICHE,CURATED,False,,,0,False,,2.8,8.0,8,8,8,4,3.0,3,3.9,3.9,VERIFIED,2026-07-25,https://intuitionlabs.ai/articles/global-health-information-systems,30+ countries. India: large Cerner engineering/GCC presence (Bengaluru); some private hospital deployments.
300,P3,IN-abym-technology-private,Abym Technology Private Limited,Abym Technology Private Limited,https://abym.in,Connectors,private,India,UNKNOWN,ABDM_REGISTRY,True,2026-05-31,,1,False,,3.2,6.7,5,8,8,5,4.8,3.4,3.8,3.8,VERIFIED,2026-07-25,https://abdm.gov.in/strapicms/api/our-partners  (ABDM official partner registry API),
301,P3,IN-driefcase-health-tech-pvt,Driefcase Health Tech Pvt Ltd,Driefcase Health Tech Pvt Ltd,https://www.driefcase.com/,Connectors|NHCX|PHR App,private,India,UNKNOWN,ABDM_REGISTRY,True,2021-08-06,2025-05-16,3,True,,3.2,6.7,5,8,8,7,4.8,3.4,3.8,3.8,VERIFIED,2026-07-25,https://abdm.gov.in/strapicms/api/our-partners  (ABDM official partner registry API),
302,P3,IN-healthica-digisol-private,Healthica Digisol Private Limited,Healthica Digisol Private Limited,https://healthica.in/,Connectors|Health Tech|NHCX,private,India,UNKNOWN,ABDM_REGISTRY,True,2024-03-15,2025-03-31,2,False,,3.2,6.7,5,8,8,5,4.8,3.4,3.8,3.8,VERIFIED,2026-07-25,https://abdm.gov.in/strapicms/api/our-partners  (ABDM official partner registry API),
303,P3,IN-quality-healthcare-access-private,QUALITY HEALTHCARE ACCESS PRIVATE LIMITED,QUALITY HEALTHCARE ACCESS PRIVATE LIMITED,https://accessh.org/,Connectors,private,India,UNKNOWN,ABDM_REGISTRY,True,2025-01-07,,1,False,,3.2,6.7,5,8,8,5,4.8,3.4,3.8,3.8,VERIFIED,2026-07-25,https://abdm.gov.in/strapicms/api/our-partners  (ABDM official partner registry API),
304,P3,IN-abi-health-technologies-private,ABI-Health Technologies Private Limited,ABI-Health Technologies Private Limited,https://www.abi-health.com,Insurance|NHCX,private,India,UNKNOWN,ABDM_REGISTRY,True,2023-11-26,2024-08-29,2,False,,3.1,6.7,5,8,8,5,4.8,3.4,3.7,3.7,VERIFIED,2026-07-25,https://abdm.gov.in/strapicms/api/our-partners  (ABDM official partner registry API),
305,P3,IN-acko-general-insurance,Acko General Insurance Ltd.,Acko General Insurance Ltd.,www.acko.com/gi,NHCX,private,India,UNKNOWN,ABDM_REGISTRY,True,2024-09-15,,1,False,,3.1,6.7,5,8,8,5,4.8,3.4,3.7,3.7,VERIFIED,2026-07-25,https://abdm.gov.in/strapicms/api/our-partners  (ABDM official partner registry API),
306,P3,IN-aditya-birla-health-insurance-company,Aditya Birla Health Insurance Company Ltd.,Aditya Birla Health Insurance Company Ltd.,https://www.adityabirlacapital.com/healthinsurance/homepage,Health Tech|Insurance|NHCX,private,India,UNKNOWN,ABDM_REGISTRY,True,2022-09-13,,2,False,,3.1,6.7,5,8,8,5,4.8,3.4,3.7,3.7,VERIFIED,2026-07-25,https://abdm.gov.in/strapicms/api/our-partners  (ABDM official partner registry API),
307,P3,IN-bajaj-general-insurance,Bajaj General Insurance Limited,Bajaj General Insurance Limited,https://www.bajajgeneralinsurance.com,Insurance|NHCX,private,India,UNKNOWN,ABDM_REGISTRY,True,2024-03-07,,1,False,,3.1,6.7,5,8,8,5,4.8,3.4,3.7,3.7,VERIFIED,2026-07-25,https://abdm.gov.in/strapicms/api/our-partners  (ABDM official partner registry API),
308,P3,IN-chola-ms-general-insurance-co,Chola MS General Insurance Co Ltd,Chola MS General Insurance Co Ltd,https://www.cholainsurance.com/,Health Tech|NHCX,private,India,UNKNOWN,ABDM_REGISTRY,True,2024-07-04,,1,False,,3.1,6.7,5,8,8,5,4.8,3.4,3.7,3.7,VERIFIED,2026-07-25,https://abdm.gov.in/strapicms/api/our-partners  (ABDM official partner registry API),
309,P3,IN-ihx-private,IHX Private Limited,IHX Private Limited,https://www.ihx.in/,NHCX,private,India,UNKNOWN,ABDM_REGISTRY,True,2024-03-08,,1,False,,3.1,6.7,5,8,8,5,4.8,3.4,3.7,3.7,VERIFIED,2026-07-25,https://abdm.gov.in/strapicms/api/our-partners  (ABDM official partner registry API),
310,P3,IN-manipalcigna-health-insurance-company,ManipalCigna Health Insurance Company Limited,ManipalCigna Health Insurance Company Limited,https://www.manipalcigna.com/,Insurance|NHCX,private,India,UNKNOWN,ABDM_REGISTRY,True,2023-08-01,2024-08-31,2,False,,3.1,6.7,5,8,8,5,4.8,3.4,3.7,3.7,VERIFIED,2026-07-25,https://abdm.gov.in/strapicms/api/our-partners  (ABDM official partner registry API),
311,P3,IN-medi-assist-insurance-tpa-pvt,Medi Assist Insurance TPA Pvt. Ltd.,Medi Assist Insurance TPA Pvt. Ltd.,www.mediassisttpa.in,NHCX,private,India,UNKNOWN,ABDM_REGISTRY,True,2024-03-08,2024-08-29,1,False,,3.1,6.7,5,8,8,5,4.8,3.4,3.7,3.7,VERIFIED,2026-07-25,https://abdm.gov.in/strapicms/api/our-partners  (ABDM official partner registry API),
312,P3,IN-navi-general-insurance,Navi General Insurance Limited,Navi General Insurance Limited,https://navi.com/insurance,Insurance|NHCX,private,India,UNKNOWN,ABDM_REGISTRY,True,2024-11-22,2024-08-29,1,False,,3.1,6.7,5,8,8,5,4.8,3.4,3.7,3.7,VERIFIED,2026-07-25,https://abdm.gov.in/strapicms/api/our-partners  (ABDM official partner registry API),
313,P3,IN-niva-bupa-health-insurance-company,Niva Bupa Health Insurance Company Limited,Niva Bupa Health Insurance Company Limited,https://www.nivabupa.com/,Insurance|NHCX,private,India,UNKNOWN,ABDM_REGISTRY,True,2024-03-08,2024-08-29,1,False,,3.1,6.7,5,8,8,5,4.8,3.4,3.7,3.7,VERIFIED,2026-07-25,https://abdm.gov.in/strapicms/api/our-partners  (ABDM official partner registry API),
314,P3,IN-one-sg-technologies-pvt,One SG Technologies Pvt Ltd,One SG Technologies Pvt Ltd,https://www.onehcx.com,Insurance|NHCX,private,India,UNKNOWN,ABDM_REGISTRY,True,2025-05-25,,3,False,,3.1,6.7,5,8,8,5,4.8,3.4,3.7,3.7,VERIFIED,2026-07-25,https://abdm.gov.in/strapicms/api/our-partners  (ABDM official partner registry API),
315,P3,IN-reliance-general-insurance-co,Reliance General Insurance Co. Ltd.,Reliance General Insurance Co. Ltd.,https://www.reliancegeneral.co.in/Insurance/Home.aspx,NHCX,private,India,UNKNOWN,ABDM_REGISTRY,True,2023-10-27,2024-10-31,1,False,,3.1,6.7,5,8,8,5,4.8,3.4,3.7,3.7,VERIFIED,2026-07-25,https://abdm.gov.in/strapicms/api/our-partners  (ABDM official partner registry API),
316,P3,IN-star-health-and-allied-insurance-company,Star Health and Allied Insurance Company Limited,Star Health and Allied Insurance Company Limited, https://www.starhealth.in/,Health Tech|NHCX,private,India,UNKNOWN,ABDM_REGISTRY,True,2024-07-24,,1,False,,3.1,6.7,5,8,8,5,4.8,3.4,3.7,3.7,VERIFIED,2026-07-25,https://abdm.gov.in/strapicms/api/our-partners  (ABDM official partner registry API),
317,P3,IN-tecforz-innovations-pvt,Tecforz Innovations Pvt Ltd,Tecforz Innovations Pvt Ltd,https://tecforz.com/,Insurance|NHCX,private,India,UNKNOWN,ABDM_REGISTRY,True,2025-03-20,,2,False,,3.1,6.7,5,8,8,5,4.8,3.4,3.7,3.7,VERIFIED,2026-07-25,https://abdm.gov.in/strapicms/api/our-partners  (ABDM official partner registry API),
318,P3,IN-united-india-insurance-company,United India Insurance Company,United India Insurance Company,https://uiic.co.in/,Insurance|NHCX,government,India,UNKNOWN,ABDM_REGISTRY,True,2024-03-08,,1,False,,3.1,6.7,5,8,8,5,4.8,3.4,3.7,3.7,VERIFIED,2026-07-25,https://abdm.gov.in/strapicms/api/our-partners  (ABDM official partner registry API),
319,P3,IN-universal-sompo-general-insurance-c,Universal Sompo General Insurance C,Universal Sompo General Insurance C,https://www.universalsompo.com/,Health Tech|NHCX,private,India,UNKNOWN,ABDM_REGISTRY,True,2024-07-21,,1,False,,3.1,6.7,5,8,8,5,4.8,3.4,3.7,3.7,VERIFIED,2026-07-25,https://abdm.gov.in/strapicms/api/our-partners  (ABDM official partner registry API),
320,P3,IN-vesak-technologies-pvt,Vesak Technologies Pvt. Ltd.,Vesak Technologies Pvt. Ltd.,https://www.aarogyaid.com/,NHCX,private,India,UNKNOWN,ABDM_REGISTRY,True,2026-04-29,,2,False,,3.1,6.7,5,8,8,5,4.8,3.4,3.7,3.7,VERIFIED,2026-07-25,https://abdm.gov.in/strapicms/api/our-partners  (ABDM official partner registry API),
321,P3,IN-vidal-health-insurance-tpa-private,Vidal Health Insurance TPA Private Limited,Vidal Health Insurance TPA Private Limited,www.vidalhealthtpa.com,NHCX,private,India,UNKNOWN,ABDM_REGISTRY,True,2024-06-07,,1,False,,3.1,6.7,5,8,8,5,4.8,3.4,3.7,3.7,VERIFIED,2026-07-25,https://abdm.gov.in/strapicms/api/our-partners  (ABDM official partner registry API),
322,P3,IN-vitraya-technologies-private,Vitraya Technologies Private Limited,Vitraya Technologies Private Limited,www.vitraya.com,Health Tech|NHCX,private,India,UNKNOWN,ABDM_REGISTRY,True,2023-12-15,,1,False,,3.1,6.7,5,8,8,5,4.8,3.4,3.7,3.7,VERIFIED,2026-07-25,https://abdm.gov.in/strapicms/api/our-partners  (ABDM official partner registry API),
323,P3,IN-volo-health-insurance-tpa-pvt,Volo Health Insurance TPA Pvt. Ltd.,Volo Health Insurance TPA Pvt. Ltd.,https://www.volohealthtpa.com/,Health Tech|NHCX,private,India,UNKNOWN,ABDM_REGISTRY,True,2024-10-01,,1,False,,3.1,6.7,5,8,8,5,4.8,3.4,3.7,3.7,VERIFIED,2026-07-25,https://abdm.gov.in/strapicms/api/our-partners  (ABDM official partner registry API),
324,P3,IN-akna-health-insurance-tpa-private,AKNA HEALTH INSURANCE TPA PRIVATE LIMITED,AKNA HEALTH INSURANCE TPA PRIVATE LIMITED,https://aknatpa.com,Insurance,private,India,UNKNOWN,ABDM_REGISTRY,True,2025-03-10,,1,False,,3.0,6.7,5,8,8,5,4.8,3.4,3.7,3.6,VERIFIED,2026-07-25,https://abdm.gov.in/strapicms/api/our-partners  (ABDM official partner registry API),
325,P3,IN-am-tree-healthwealth-innovations-private,AM-TREE HEALTHWEALTH INNOVATIONS PRIVATE LIMITED,AM-TREE HEALTHWEALTH INNOVATIONS PRIVATE LIMITED,https://amtreehealth.com,Insurance,private,India,UNKNOWN,ABDM_REGISTRY,True,2025-02-21,,1,False,,3.0,6.7,5,8,8,5,4.8,3.4,3.7,3.6,VERIFIED,2026-07-25,https://abdm.gov.in/strapicms/api/our-partners  (ABDM official partner registry API),
326,P3,IN-apna-policy-insurance-brokers-pvt,Apna Policy Insurance Brokers Pvt. Ltd.,Apna Policy Insurance Brokers Pvt. Ltd.,https://apnapolicy.co.in,Insurance,private,India,UNKNOWN,ABDM_REGISTRY,True,2025-10-14,,1,False,,3.0,6.7,5,8,8,5,4.8,3.4,3.7,3.6,VERIFIED,2026-07-25,https://abdm.gov.in/strapicms/api/our-partners  (ABDM official partner registry API),
327,P3,IN-care-health-insurance,Care health insurance,Care health insurance,https://www.careinsurance.com/,Insurance,private,India,UNKNOWN,ABDM_REGISTRY,True,2023-08-12,2024-09-30,1,False,,3.0,6.7,5,8,8,5,4.8,3.4,3.7,3.6,VERIFIED,2026-07-25,https://abdm.gov.in/strapicms/api/our-partners  (ABDM official partner registry API),
328,P3,IN-cholamandalam-ms-general-insurance-company,Cholamandalam MS General Insurance company Ltd,Cholamandalam MS General Insurance company Ltd,https://www.cholainsurance.com/,Insurance,private,India,UNKNOWN,ABDM_REGISTRY,True,2024-02-26,2024-11-30,1,False,,3.0,6.7,5,8,8,5,4.8,3.4,3.7,3.6,VERIFIED,2026-07-25,https://abdm.gov.in/strapicms/api/our-partners  (ABDM official partner registry API),
329,P3,IN-genins-india-insurance-tpa,Genins India Insurance TPA Ltd.,Genins India Insurance TPA Ltd.,https://www.geninsindia.com/,Insurance,private,India,UNKNOWN,ABDM_REGISTRY,True,2023-08-13,2024-09-30,1,False,,3.0,6.7,5,8,8,5,4.8,3.4,3.7,3.6,VERIFIED,2026-07-25,https://abdm.gov.in/strapicms/api/our-partners  (ABDM official partner registry API),
330,P3,IN-go-digit-general-insurance,Go Digit General Insurance Limited,Go Digit General Insurance Limited,https://www.godigit.com/,Insurance,private,India,UNKNOWN,ABDM_REGISTRY,True,2023-08-12,2024-10-31,1,False,,3.0,6.7,5,8,8,5,4.8,3.4,3.7,3.6,VERIFIED,2026-07-25,https://abdm.gov.in/strapicms/api/our-partners  (ABDM official partner registry API),
331,P3,IN-hdfc-ergo-general-insurance-company,HDFC Ergo General Insurance Company Limited,HDFC Ergo General Insurance Company Limited,https://www.hdfcergo.com/,Insurance,private,India,UNKNOWN,ABDM_REGISTRY,True,2022-10-13,,1,False,,3.0,6.7,5,8,8,5,4.8,3.4,3.7,3.6,VERIFIED,2026-07-25,https://abdm.gov.in/strapicms/api/our-partners  (ABDM official partner registry API),
332,P3,IN-icici-lombard-general-insurance-company,ICICI Lombard General Insurance Company Ltd,ICICI Lombard General Insurance Company Ltd,https://www.icicilombard.com/,Insurance,private,India,UNKNOWN,ABDM_REGISTRY,True,2023-08-12,,1,False,,3.0,6.7,5,8,8,5,4.8,3.4,3.7,3.6,VERIFIED,2026-07-25,https://abdm.gov.in/strapicms/api/our-partners  (ABDM official partner registry API),
333,P3,IN-icici-prudential-life-insurance-co,ICICI Prudential Life Insurance Co. Ltd.,ICICI Prudential Life Insurance Co. Ltd.,https://www.iciciprulife.com/,Insurance,private,India,UNKNOWN,ABDM_REGISTRY,True,2023-11-14,2024-10-31,1,False,,3.0,6.7,5,8,8,5,4.8,3.4,3.7,3.6,VERIFIED,2026-07-25,https://abdm.gov.in/strapicms/api/our-partners  (ABDM official partner registry API),
334,P3,IN-kotak-mahindra-general-insurance-company,KOTAK MAHINDRA GENERAL INSURANCE COMPANY LIMITED,KOTAK MAHINDRA GENERAL INSURANCE COMPANY LIMITED,https://www.kotakgeneral.com/,Insurance,private,India,UNKNOWN,ABDM_REGISTRY,True,2023-09-13,2024-09-30,1,False,,3.0,6.7,5,8,8,5,4.8,3.4,3.7,3.6,VERIFIED,2026-07-25,https://abdm.gov.in/strapicms/api/our-partners  (ABDM official partner registry API),
335,P3,IN-kotak-mahindra-life-insurance-company,Kotak Mahindra Life Insurance Company,Kotak Mahindra Life Insurance Company,https://www.kotaklife.com/,Insurance,private,India,UNKNOWN,ABDM_REGISTRY,True,2024-07-04,,1,False,,3.0,6.7,5,8,8,5,4.8,3.4,3.7,3.6,VERIFIED,2026-07-25,https://abdm.gov.in/strapicms/api/our-partners  (ABDM official partner registry API),
336,P3,IN-liberty-general-insurance,Liberty General Insurance Limited,Liberty General Insurance Limited,https://www.libertyinsurance.in/,Insurance,private,India,UNKNOWN,ABDM_REGISTRY,True,2024-01-17,2024-12-31,1,False,,3.0,6.7,5,8,8,5,4.8,3.4,3.7,3.6,VERIFIED,2026-07-25,https://abdm.gov.in/strapicms/api/our-partners  (ABDM official partner registry API),
337,P3,IN-link-k-insurance-tpa-private,Link-K Insurance TPA Private Limited,Link-K Insurance TPA Private Limited,https://www.linkktpa.com/home,Insurance,private,India,UNKNOWN,ABDM_REGISTRY,True,2025-01-30,,1,False,,3.0,6.7,5,8,8,5,4.8,3.4,3.7,3.6,VERIFIED,2026-07-25,https://abdm.gov.in/strapicms/api/our-partners  (ABDM official partner registry API),
338,P3,IN-m-s-galaxy-health-insurance-co,M/s. GALAXY HEALTH INSURANCE CO LTD.,M/s. GALAXY HEALTH INSURANCE CO LTD.,https://www.galaxyhealth.com/,Insurance,private,India,UNKNOWN,ABDM_REGISTRY,True,2026-04-19,,1,False,,3.0,6.7,5,8,8,5,4.8,3.4,3.7,3.6,VERIFIED,2026-07-25,https://abdm.gov.in/strapicms/api/our-partners  (ABDM official partner registry API),
339,P3,IN-mediprobe-consultancy-services-private,MEDIPROBE CONSULTANCY SERVICES PRIVATE LIMITED,MEDIPROBE CONSULTANCY SERVICES PRIVATE LIMITED,https://mediprobe.co.in/,Insurance,private,India,UNKNOWN,ABDM_REGISTRY,True,2026-03-19,,1,False,,3.0,6.7,5,8,8,5,4.8,3.4,3.7,3.6,VERIFIED,2026-07-25,https://abdm.gov.in/strapicms/api/our-partners  (ABDM official partner registry API),
340,P3,IN-national-insurance-company,NATIONAL INSURANCE COMPANY LIMITED,NATIONAL INSURANCE COMPANY LIMITED,https://nationalinsurance.nic.co.in,Insurance,private,India,UNKNOWN,ABDM_REGISTRY,True,2023-11-07,2024-10-31,1,False,,3.0,6.7,5,8,8,5,4.8,3.4,3.7,3.6,VERIFIED,2026-07-25,https://abdm.gov.in/strapicms/api/our-partners  (ABDM official partner registry API),
341,P3,IN-oriental-insurance-company,Oriental Insurance Company Limited,Oriental Insurance Company Limited,https://orientalinsurance.org.in/,Insurance,private,India,UNKNOWN,ABDM_REGISTRY,True,2023-10-16,2025-01-31,1,False,,3.0,6.7,5,8,8,5,4.8,3.4,3.7,3.6,VERIFIED,2026-07-25,https://abdm.gov.in/strapicms/api/our-partners  (ABDM official partner registry API),
342,P3,IN-paramount-health-services-insurance-tpa-pvt,PARAMOUNT HEALTH SERVICES & INSURANCE TPA PVT LTD,PARAMOUNT HEALTH SERVICES & INSURANCE TPA PVT LTD,https://www.paramounttpa.com,Insurance,private,India,UNKNOWN,ABDM_REGISTRY,True,2023-10-23,2024-10-31,1,False,,3.0,6.7,5,8,8,5,4.8,3.4,3.7,3.6,VERIFIED,2026-07-25,https://abdm.gov.in/strapicms/api/our-partners  (ABDM official partner registry API),
343,P3,IN-qbe-general-insurance-private,QBE General Insurance Private Limited,QBE General Insurance Private Limited,https://www.rahejaqbe.com,Insurance,private,India,UNKNOWN,ABDM_REGISTRY,True,2023-08-10,2024-08-31,1,False,,3.0,6.7,5,8,8,5,4.8,3.4,3.7,3.6,VERIFIED,2026-07-25,https://abdm.gov.in/strapicms/api/our-partners  (ABDM official partner registry API),
344,P3,IN-rajasthan-state-health-assurance-agency-rshaa,Rajasthan State Health Assurance Agency (RSHAA),Rajasthan State Health Assurance Agency (RSHAA),chiranjeeviapp.rajasthan.gov.in,Insurance,government,India,UNKNOWN,ABDM_REGISTRY,True,2024-10-07,,1,False,,3.0,6.7,5,8,8,5,4.8,3.4,3.7,3.6,VERIFIED,2026-07-25,https://abdm.gov.in/strapicms/api/our-partners  (ABDM official partner registry API),
345,P3,IN-rajiv-aarogyasri-health-care-trust,Rajiv Aarogyasri Health Care Trust,Rajiv Aarogyasri Health Care Trust,https://aarogyasri.telangana.gov.in,Insurance,government,India,UNKNOWN,ABDM_REGISTRY,True,2025-06-11,,1,False,,3.0,6.7,5,8,8,5,4.8,3.4,3.7,3.6,VERIFIED,2026-07-25,https://abdm.gov.in/strapicms/api/our-partners  (ABDM official partner registry API),
346,P3,IN-royal-sundaram-general-insurance-co,Royal Sundaram General Insurance Co. Ltd.,Royal Sundaram General Insurance Co. Ltd.,https://www.royalsundaram.in/,Insurance,private,India,UNKNOWN,ABDM_REGISTRY,True,2023-08-12,2024-09-30,1,False,,3.0,6.7,5,8,8,5,4.8,3.4,3.7,3.6,VERIFIED,2026-07-25,https://abdm.gov.in/strapicms/api/our-partners  (ABDM official partner registry API),
347,P3,IN-tata-aia-life-insurance,TATA AIA Life Insurance,TATA AIA Life Insurance,https://www.tataaia.com/,Insurance,private,India,UNKNOWN,ABDM_REGISTRY,True,2023-01-19,2024-08-31,1,False,,3.0,6.7,5,8,8,5,4.8,3.4,3.7,3.6,VERIFIED,2026-07-25,https://abdm.gov.in/strapicms/api/our-partners  (ABDM official partner registry API),
348,P3,IN-tata-aig-general-insurance-co,TATA AIG General Insurance Co Ltd,TATA AIG General Insurance Co Ltd,https://www.tataaig.com/,Insurance,private,India,UNKNOWN,ABDM_REGISTRY,True,2023-10-20,2024-10-31,1,False,,3.0,6.7,5,8,8,5,4.8,3.4,3.7,3.6,VERIFIED,2026-07-25,https://abdm.gov.in/strapicms/api/our-partners  (ABDM official partner registry API),
349,P3,IN-universal-sompo-general-insurance-company,Universal Sompo General Insurance Company Ltd,Universal Sompo General Insurance Company Ltd,https://www.universalsompo.com/,Insurance,private,India,UNKNOWN,ABDM_REGISTRY,True,2023-08-11,2024-08-31,1,False,,3.0,6.7,5,8,8,5,4.8,3.4,3.7,3.6,VERIFIED,2026-07-25,https://abdm.gov.in/strapicms/api/our-partners  (ABDM official partner registry API),
350,P3,IN-zuno-general-insurance,Zuno General Insurance Limited,Zuno General Insurance Limited,https://www.hizuno.com/,Insurance,private,India,UNKNOWN,ABDM_REGISTRY,True,2022-08-17,,1,False,,3.0,6.7,5,8,8,5,4.8,3.4,3.7,3.6,VERIFIED,2026-07-25,https://abdm.gov.in/strapicms/api/our-partners  (ABDM official partner registry API),
351,P3,IN-arupavi-health-technologies-pvt,Arupavi Health Technologies Pvt Ltd,Arupavi Health Technologies Pvt Ltd,https://www.chemistmitra.com,Pharmacy,private,India,UNKNOWN,ABDM_REGISTRY,True,2024-06-27,,1,False,,2.8,6.7,5,8,8,5,4.8,3.4,3.5,3.5,VERIFIED,2026-07-25,https://abdm.gov.in/strapicms/api/our-partners  (ABDM official partner registry API),
352,P3,IN-csquare-info-solutions,CSQUARE INFO SOLUTIONS LTD,CSQUARE INFO SOLUTIONS LTD,https://www.csquare.in/,Pharmacy,private,India,UNKNOWN,ABDM_REGISTRY,True,2025-05-27,,1,False,,2.8,6.7,5,8,8,5,4.8,3.4,3.5,3.5,VERIFIED,2026-07-25,https://abdm.gov.in/strapicms/api/our-partners  (ABDM official partner registry API),
353,P3,IN-davadost-pharma-pvt,Davadost Pharma PVT LTD,Davadost Pharma PVT LTD,https://dawaadost.com,Pharmacy,private,India,UNKNOWN,ABDM_REGISTRY,True,2024-06-21,,1,False,,2.8,6.7,5,8,8,5,4.8,3.4,3.5,3.5,VERIFIED,2026-07-25,https://abdm.gov.in/strapicms/api/our-partners  (ABDM official partner registry API),
354,P3,IN-el-pharmacy,EL Pharmacy LLP,EL Pharmacy LLP,https://elpharmacy.in,Pharmacy,private,India,UNKNOWN,ABDM_REGISTRY,True,2025-02-10,,1,False,,2.8,6.7,5,8,8,5,4.8,3.4,3.5,3.5,VERIFIED,2026-07-25,https://abdm.gov.in/strapicms/api/our-partners  (ABDM official partner registry API),
355,P3,IN-marg-erp,Marg ERP Limited,Marg ERP Limited,https://www.margcompusoft.com,Pharmacy,private,India,UNKNOWN,ABDM_REGISTRY,True,2024-09-10,,1,False,,2.8,6.7,5,8,8,5,4.8,3.4,3.5,3.5,VERIFIED,2026-07-25,https://abdm.gov.in/strapicms/api/our-partners  (ABDM official partner registry API),
356,P3,IN-softworld-india-private,SOFTWORLD (INDIA) PRIVATE LIMITED,SOFTWORLD (INDIA) PRIVATE LIMITED,https://www.swindia.com/,Pharmacy,private,India,UNKNOWN,ABDM_REGISTRY,True,2026-04-21,,1,False,,2.8,6.7,5,8,8,5,4.8,3.4,3.5,3.5,VERIFIED,2026-07-25,https://abdm.gov.in/strapicms/api/our-partners  (ABDM official partner registry API),
357,P3,IN-4p-healthcare-private,4P Healthcare Private Limited,4P Healthcare Private Limited,http://www.hellokidney.ai/,Health Tech,private,India,UNKNOWN,ABDM_REGISTRY,True,2023-02-20,,1,False,,2.7,6.7,5,8,8,5,4.8,3.4,3.5,3.4,VERIFIED,2026-07-25,https://abdm.gov.in/strapicms/api/our-partners  (ABDM official partner registry API),
358,P3,IN-achala-health-services-private,Achala Health Services Private Limited,Achala Health Services Private Limited,https://achalahealth.com,Health Tech,private,India,UNKNOWN,ABDM_REGISTRY,True,2024-04-19,,1,False,,2.7,6.7,5,8,8,5,4.8,3.4,3.5,3.4,VERIFIED,2026-07-25,https://abdm.gov.in/strapicms/api/our-partners  (ABDM official partner registry API),
359,P3,IN-alafied-solutions-private,Alafied Solutions Private Limited,Alafied Solutions Private Limited,https://alacare.in/,Health Tech,private,India,UNKNOWN,ABDM_REGISTRY,True,2022-04-22,,1,False,,2.7,6.7,5,8,8,5,4.8,3.4,3.5,3.4,VERIFIED,2026-07-25,https://abdm.gov.in/strapicms/api/our-partners  (ABDM official partner registry API),
360,P3,IN-apex-kidney-care-pvt,Apex Kidney Care Pvt Ltd,Apex Kidney Care Pvt Ltd,http://www.apexkidneycare.com/,Health Tech,private,India,UNKNOWN,ABDM_REGISTRY,True,2022-12-06,,1,False,,2.7,6.7,5,8,8,5,4.8,3.4,3.5,3.4,VERIFIED,2026-07-25,https://abdm.gov.in/strapicms/api/our-partners  (ABDM official partner registry API),
361,P3,IN-artivatic-data-labs-pvt,Artivatic Data Labs Pvt Ltd,Artivatic Data Labs Pvt Ltd,https://artivatic.ai/,Health Tech|PHR App,private,India,UNKNOWN,ABDM_REGISTRY,True,2024-09-13,,2,False,,2.7,6.7,5,8,8,5,4.8,3.4,3.5,3.4,VERIFIED,2026-07-25,https://abdm.gov.in/strapicms/api/our-partners  (ABDM official partner registry API),
362,P3,IN-athlex-innovations-pvt,Athlex Innovations Pvt. Ltd,Athlex Innovations Pvt. Ltd,https://www.athlexinc.com/,Health Tech,private,India,UNKNOWN,ABDM_REGISTRY,True,2023-12-20,2024-12-31,1,False,,2.7,6.7,5,8,8,5,4.8,3.4,3.5,3.4,VERIFIED,2026-07-25,https://abdm.gov.in/strapicms/api/our-partners  (ABDM official partner registry API),
363,P3,IN-beh-private,BEH Private Limited,BEH Private Limited,https://www.swasthya.ai/,Health Locker|Health Tech|PHR App,private,India,UNKNOWN,ABDM_REGISTRY,True,2024-04-19,,2,False,,2.7,6.7,5,8,8,5,4.8,3.4,3.5,3.4,VERIFIED,2026-07-25,https://abdm.gov.in/strapicms/api/our-partners  (ABDM official partner registry API),
364,P3,IN-belfricsbt-pvt,Belfricsbt Pvt Ltd,Belfricsbt Pvt Ltd,https://www.belrium.com/ ,Health Tech,private,India,UNKNOWN,ABDM_REGISTRY,True,2022-12-09,,1,False,,2.7,6.7,5,8,8,5,4.8,3.4,3.5,3.4,VERIFIED,2026-07-25,https://abdm.gov.in/strapicms/api/our-partners  (ABDM official partner registry API),
365,P3,IN-caare-assisted-telemedicine,Caare Assisted Telemedicine,Caare Assisted Telemedicine,https://caare.in/,Health Tech,microsites,India,UNKNOWN,ABDM_REGISTRY,True,2022-12-06,,1,False,,2.7,6.7,5,8,8,5,4.8,3.4,3.5,3.4,VERIFIED,2026-07-25,https://abdm.gov.in/strapicms/api/our-partners  (ABDM official partner registry API),
366,P3,IN-central-india-associates,Central India Associates,Central India Associates,https://www.ci-eclinic.com,Health Tech,private,India,UNKNOWN,ABDM_REGISTRY,True,2023-04-18,,1,False,,2.7,6.7,5,8,8,5,4.8,3.4,3.5,3.4,VERIFIED,2026-07-25,https://abdm.gov.in/strapicms/api/our-partners  (ABDM official partner registry API),
367,P3,IN-collateral-medical-pvt,Collateral Medical Pvt Ltd,Collateral Medical Pvt Ltd,https://www.colmed.in/,Health Tech,private,India,UNKNOWN,ABDM_REGISTRY,True,2025-05-18,,1,False,,2.7,6.7,5,8,8,5,4.8,3.4,3.5,3.4,VERIFIED,2026-07-25,https://abdm.gov.in/strapicms/api/our-partners  (ABDM official partner registry API),
368,P3,IN-curelink-private,Curelink Private Limited,Curelink Private Limited,https://cure.link/,Health Tech,private,India,UNKNOWN,ABDM_REGISTRY,True,2022-04-28,,1,False,,2.7,6.7,5,8,8,5,4.8,3.4,3.5,3.4,VERIFIED,2026-07-25,https://abdm.gov.in/strapicms/api/our-partners  (ABDM official partner registry API),
369,P3,IN-deeptek-medical-imaging-pvt,DeepTek Medical Imaging Pvt Ltd,DeepTek Medical Imaging Pvt Ltd,https://deeptek.ai/,Health Tech,private,India,UNKNOWN,ABDM_REGISTRY,True,2025-03-25,,1,False,,2.7,6.7,5,8,8,5,4.8,3.4,3.5,3.4,VERIFIED,2026-07-25,https://abdm.gov.in/strapicms/api/our-partners  (ABDM official partner registry API),
370,P3,IN-digisparsh-pvt,Digisparsh Pvt Limited,Digisparsh Pvt Limited,https://digisparsh.in/,Health Tech,private,India,UNKNOWN,ABDM_REGISTRY,True,2024-01-03,2024-12-31,1,False,,2.7,6.7,5,8,8,5,4.8,3.4,3.5,3.4,VERIFIED,2026-07-25,https://abdm.gov.in/strapicms/api/our-partners  (ABDM official partner registry API),
371,P3,IN-doconline-health-india-pvt,DocOnline Health India Pvt. Ltd,DocOnline Health India Pvt. Ltd,https://doconline.com/,Health Tech,private,India,UNKNOWN,ABDM_REGISTRY,True,2026-05-21,,1,False,,2.7,6.7,5,8,8,5,4.8,3.4,3.5,3.4,VERIFIED,2026-07-25,https://abdm.gov.in/strapicms/api/our-partners  (ABDM official partner registry API),
372,P3,IN-docsymedsy-healthtech-private,Docsymedsy Healthtech Private Limited,Docsymedsy Healthtech Private Limited,https://thsindia.in,Health Tech,private,India,UNKNOWN,ABDM_REGISTRY,True,2026-06-23,,1,False,,2.7,6.7,5,8,8,5,4.8,3.4,3.5,3.4,VERIFIED,2026-07-25,https://abdm.gov.in/strapicms/api/our-partners  (ABDM official partner registry API),
373,P3,IN-doxper,Doxper,Doxper,https://doxper.com/home/,Health Tech,private,India,UNKNOWN,ABDM_REGISTRY,True,2022-02-07,,1,False,,2.7,6.7,5,8,8,5,4.8,3.4,3.5,3.4,VERIFIED,2026-07-25,https://abdm.gov.in/strapicms/api/our-partners  (ABDM official partner registry API),
374,P3,IN-drome-services-private,Drome Services Private Limited,Drome Services Private Limited,https://drome.co.in/,Health Tech,private,India,UNKNOWN,ABDM_REGISTRY,True,2024-07-31,,1,False,,2.7,6.7,5,8,8,5,4.8,3.4,3.5,3.4,VERIFIED,2026-07-25,https://abdm.gov.in/strapicms/api/our-partners  (ABDM official partner registry API),
375,P3,IN-ev-software-solutions-pvt,EV Software Solutions PVT LTD,EV Software Solutions PVT LTD,https://evssolution.com/en/,Health Tech,private,India,UNKNOWN,ABDM_REGISTRY,True,2026-06-03,,1,False,,2.7,6.7,5,8,8,5,4.8,3.4,3.5,3.4,VERIFIED,2026-07-25,https://abdm.gov.in/strapicms/api/our-partners  (ABDM official partner registry API),
376,P3,IN-equal,Equal,Equal,https://www.equal.in,Health Tech,private,India,UNKNOWN,ABDM_REGISTRY,True,2022-07-11,,1,False,,2.7,6.7,5,8,8,5,4.8,3.4,3.5,3.4,VERIFIED,2026-07-25,https://abdm.gov.in/strapicms/api/our-partners  (ABDM official partner registry API),
377,P3,IN-farmako,FARMAKO,FARMAKO,https://farmako.in/,Health Tech,private,India,UNKNOWN,ABDM_REGISTRY,True,2023-03-09,,1,False,,2.7,6.7,5,8,8,5,4.8,3.4,3.5,3.4,VERIFIED,2026-07-25,https://abdm.gov.in/strapicms/api/our-partners  (ABDM official partner registry API),
378,P3,IN-healon-technologies-private,HealOn Technologies Private Ltd,HealOn Technologies Private Ltd,https://healon.in,Health Tech,private,India,UNKNOWN,ABDM_REGISTRY,True,2026-06-11,,1,False,,2.7,6.7,5,8,8,5,4.8,3.4,3.5,3.4,VERIFIED,2026-07-25,https://abdm.gov.in/strapicms/api/our-partners  (ABDM official partner registry API),
379,P3,IN-healspan,Healspan,Healspan,https://www.healspan.com/,Health Tech,private,India,UNKNOWN,ABDM_REGISTRY,True,2024-12-17,,1,False,,2.7,6.7,5,8,8,5,4.8,3.4,3.5,3.4,VERIFIED,2026-07-25,https://abdm.gov.in/strapicms/api/our-partners  (ABDM official partner registry API),
380,P3,IN-healthatm-india-private,HealthATM India Private Limited,HealthATM India Private Limited,https://yolohealth.in,Health Tech,private,India,UNKNOWN,ABDM_REGISTRY,True,2024-09-10,,1,False,,2.7,6.7,5,8,8,5,4.8,3.4,3.5,3.4,VERIFIED,2026-07-25,https://abdm.gov.in/strapicms/api/our-partners  (ABDM official partner registry API),
381,P3,IN-hitachi-mgrm-net,Hitachi MGRM Net,Hitachi MGRM Net,http://www.hitachimgrmnet.com/,Health Tech,private,India,UNKNOWN,ABDM_REGISTRY,True,2022-08-16,,1,False,,2.7,6.7,5,8,8,5,4.8,3.4,3.5,3.4,VERIFIED,2026-07-25,https://abdm.gov.in/strapicms/api/our-partners  (ABDM official partner registry API),
382,P3,IN-india-health-link-pvt,India Health Link Pvt Ltd,India Health Link Pvt Ltd,https://indiahealthlink.com,Health Tech,private,India,UNKNOWN,ABDM_REGISTRY,True,2024-09-26,,1,False,,2.7,6.7,5,8,8,5,4.8,3.4,3.5,3.4,VERIFIED,2026-07-25,https://abdm.gov.in/strapicms/api/our-partners  (ABDM official partner registry API),
383,P3,IN-jio-health-hub,Jio Health Hub,Jio Health Hub,https://get.jiohh.com/,Health Tech,private,India,UNKNOWN,ABDM_REGISTRY,True,2023-01-11,,1,False,,2.7,6.7,5,8,8,5,4.8,3.4,3.5,3.4,VERIFIED,2026-07-25,https://abdm.gov.in/strapicms/api/our-partners  (ABDM official partner registry API),
384,P3,IN-karkinos-healthcare-private,Karkinos Healthcare Private Limited,Karkinos Healthcare Private Limited,https://www.karkinos.in/,Health Tech,private,India,UNKNOWN,ABDM_REGISTRY,True,2022-05-12,,1,False,,2.7,6.7,5,8,8,5,4.8,3.4,3.5,3.4,VERIFIED,2026-07-25,https://abdm.gov.in/strapicms/api/our-partners  (ABDM official partner registry API),
385,P3,IN-kokoro-bharat-health-and-wellness-pvt,Kokoro Bharat Health and Wellness pvt ltd,Kokoro Bharat Health and Wellness pvt ltd,https://www.kokoro.plus/,Health Tech,private,India,UNKNOWN,ABDM_REGISTRY,True,2025-05-20,,1,False,,2.7,6.7,5,8,8,5,4.8,3.4,3.5,3.4,VERIFIED,2026-07-25,https://abdm.gov.in/strapicms/api/our-partners  (ABDM official partner registry API),
386,P3,IN-letsdoc-healthcare-technologies-pvt,LetsDoc Healthcare Technologies Pvt Ltd,LetsDoc Healthcare Technologies Pvt Ltd,https://www.myhealthrecords.ai,Health Tech|PHR App,private,India,UNKNOWN,ABDM_REGISTRY,True,2023-07-13,,2,False,,2.7,6.7,5,8,8,5,4.8,3.4,3.5,3.4,VERIFIED,2026-07-25,https://abdm.gov.in/strapicms/api/our-partners  (ABDM official partner registry API),
387,P3,IN-livlong-protection-and-wellness-solutions,Livlong Protection and Wellness Solutions Limited,Livlong Protection and Wellness Solutions Limited,https://livlong.com/,Health Tech,private,India,UNKNOWN,ABDM_REGISTRY,True,2024-09-30,,1,False,,2.7,6.7,5,8,8,5,4.8,3.4,3.5,3.4,VERIFIED,2026-07-25,https://abdm.gov.in/strapicms/api/our-partners  (ABDM official partner registry API),
388,P3,IN-medical-network-private,MEDICAL NETWORK PRIVATE LIMITED,MEDICAL NETWORK PRIVATE LIMITED,https://www.clinicwala.com,Health Tech,private,India,UNKNOWN,ABDM_REGISTRY,True,2026-05-05,,1,False,,2.7,6.7,5,8,8,5,4.8,3.4,3.5,3.4,VERIFIED,2026-07-25,https://abdm.gov.in/strapicms/api/our-partners  (ABDM official partner registry API),
389,P3,IN-marsha-health,MarSha Health,MarSha Health,https://abdm.gov.in/home/www.marshahealth.com,Health Tech,private,India,UNKNOWN,ABDM_REGISTRY,True,2021-06-11,,1,False,,2.7,6.7,5,8,8,5,4.8,3.4,3.5,3.4,VERIFIED,2026-07-25,https://abdm.gov.in/strapicms/api/our-partners  (ABDM official partner registry API),
390,P3,IN-medblocks,Medblocks,Medblocks,https://medblocks.org,Health Tech,private,India,UNKNOWN,ABDM_REGISTRY,True,2024-04-03,2025-04-30,1,True,,2.7,6.7,5,8,8,7,4.8,3.4,3.5,3.4,VERIFIED,2026-07-25,https://abdm.gov.in/strapicms/api/our-partners  (ABDM official partner registry API),
391,P3,IN-medibuddy,MediBuddy,MediBuddy,healthid.medibuddy.in,Health Tech,private,India,UNKNOWN,ABDM_REGISTRY,True,2022-08-17,2024-08-31,1,False,,2.7,6.7,5,8,8,5,4.8,3.4,3.5,3.4,VERIFIED,2026-07-25,https://abdm.gov.in/strapicms/api/our-partners  (ABDM official partner registry API),
392,P3,IN-medsynapse-ris-pacs,Medsynapse RIS-PACS,Medsynapse RIS-PACS,https://www.medsynaptic.com/,Health Tech,private,India,UNKNOWN,ABDM_REGISTRY,True,2022-08-16,2024-10-18,1,False,,2.7,6.7,5,8,8,5,4.8,3.4,3.5,3.4,VERIFIED,2026-07-25,https://abdm.gov.in/strapicms/api/our-partners  (ABDM official partner registry API),
393,P3,IN-meraadhikar,Meraadhikar,Meraadhikar,https://meraadhikar.in/,Health Tech,private,India,UNKNOWN,ABDM_REGISTRY,True,2022-06-06,,1,False,,2.7,6.7,5,8,8,5,4.8,3.4,3.5,3.4,VERIFIED,2026-07-25,https://abdm.gov.in/strapicms/api/our-partners  (ABDM official partner registry API),
394,P3,IN-myclnq,MyCLNQ,MyCLNQ,https://ssivixlab.com ,Health Tech,private,India,UNKNOWN,ABDM_REGISTRY,True,2022-10-17,,1,False,,2.7,6.7,5,8,8,5,4.8,3.4,3.5,3.4,VERIFIED,2026-07-25,https://abdm.gov.in/strapicms/api/our-partners  (ABDM official partner registry API),
395,P3,IN-mydigi-records,MyDigi Records,MyDigi Records,https://mydigirecords.com/,Health Tech,private,India,UNKNOWN,ABDM_REGISTRY,True,2023-06-27,,1,False,,2.7,6.7,5,8,8,5,4.8,3.4,3.5,3.4,VERIFIED,2026-07-25,https://abdm.gov.in/strapicms/api/our-partners  (ABDM official partner registry API),
396,P3,IN-nec-software-solution,NEC Software Solution,NEC Software Solution,https://www.necsws.com/,Health Tech,private,India,UNKNOWN,ABDM_REGISTRY,True,2021-10-21,,1,False,,2.7,6.7,5,8,8,5,4.8,3.4,3.5,3.4,VERIFIED,2026-07-25,https://abdm.gov.in/strapicms/api/our-partners  (ABDM official partner registry API),
397,P3,IN-national-health-mission-tamil-nadu,National Health Mission - Tamil Nadu,National Health Mission - Tamil Nadu,https://nhm.tn.gov.in/en,Health Tech,private,India,UNKNOWN,ABDM_REGISTRY,True,2026-05-11,,1,False,,2.7,6.7,5,8,8,5,4.8,3.4,3.5,3.4,VERIFIED,2026-07-25,https://abdm.gov.in/strapicms/api/our-partners  (ABDM official partner registry API),
398,P3,IN-nephroplus,NephroPlus,NephroPlus,https://www.nephroplus.com/,Health Tech,private,India,UNKNOWN,ABDM_REGISTRY,True,2022-08-16,,1,False,,2.7,6.7,5,8,8,5,4.8,3.4,3.5,3.4,VERIFIED,2026-07-25,https://abdm.gov.in/strapicms/api/our-partners  (ABDM official partner registry API),
399,P3,IN-neurobit-innovations-private,Neurobit Innovations Private Limited,Neurobit Innovations Private Limited,https://www.neurobit.com/ndhl,Health Tech,private,India,UNKNOWN,ABDM_REGISTRY,True,2023-10-12,,1,False,,2.7,6.7,5,8,8,5,4.8,3.4,3.5,3.4,VERIFIED,2026-07-25,https://abdm.gov.in/strapicms/api/our-partners  (ABDM official partner registry API),
400,P3,IN-panscience-ai-healthcare-pvt,Panscience AI Healthcare Pvt Ltd,Panscience AI Healthcare Pvt Ltd,https://www.parchaa.com/,Health Tech,private,India,UNKNOWN,ABDM_REGISTRY,True,2023-11-16,2025-03-31,1,False,,2.7,6.7,5,8,8,5,4.8,3.4,3.5,3.4,VERIFIED,2026-07-25,https://abdm.gov.in/strapicms/api/our-partners  (ABDM official partner registry API),
401,P3,IN-paperplane-whatsapp-clinic,Paperplane WhatsApp Clinic,Paperplane WhatsApp Clinic,https://www.paperplanetech.co/,Health Tech,private,India,UNKNOWN,ABDM_REGISTRY,True,2022-06-29,,1,False,,2.7,6.7,5,8,8,5,4.8,3.4,3.5,3.4,VERIFIED,2026-07-25,https://abdm.gov.in/strapicms/api/our-partners  (ABDM official partner registry API),
402,P3,IN-purplebits-infosystems-pvt,Purplebits Infosystems Pvt. Ltd.,Purplebits Infosystems Pvt. Ltd.,http://www.purpleipd.com/,Health Tech,private,India,UNKNOWN,ABDM_REGISTRY,True,2025-07-04,,1,False,,2.7,6.7,5,8,8,5,4.8,3.4,3.5,3.4,VERIFIED,2026-07-25,https://abdm.gov.in/strapicms/api/our-partners  (ABDM official partner registry API),
403,P3,IN-qure-ai-technologies-private,QURE AI TECHNOLOGIES PRIVATE LIMITED,QURE AI TECHNOLOGIES PRIVATE LIMITED,https://www.qure.ai/,Health Tech,private,India,UNKNOWN,ABDM_REGISTRY,True,2026-02-23,,1,False,,2.7,6.7,5,8,8,5,4.8,3.4,3.5,3.4,VERIFIED,2026-07-25,https://abdm.gov.in/strapicms/api/our-partners  (ABDM official partner registry API),
404,P3,IN-recodeai-digital-solutions-private,Recodeai Digital Solutions Private Limited.,Recodeai Digital Solutions Private Limited.,https://www.claimslens.com/,Health Tech,private,India,UNKNOWN,ABDM_REGISTRY,True,2026-06-23,,1,False,,2.7,6.7,5,8,8,5,4.8,3.4,3.5,3.4,VERIFIED,2026-07-25,https://abdm.gov.in/strapicms/api/our-partners  (ABDM official partner registry API),
405,P3,IN-redkenko-health-tech-private,Redkenko Health Tech Private Limited,Redkenko Health Tech Private Limited, https://kenkohealth.in/ ,Health Tech,private,India,UNKNOWN,ABDM_REGISTRY,True,2022-12-06,,1,False,,2.7,6.7,5,8,8,5,4.8,3.4,3.5,3.4,VERIFIED,2026-07-25,https://abdm.gov.in/strapicms/api/our-partners  (ABDM official partner registry API),
406,P3,IN-renatus-meditech-solutions-pvt,Renatus Meditech Solutions Pvt. Ltd,Renatus Meditech Solutions Pvt. Ltd,https://www.embebo.com/,Health Tech,private,India,UNKNOWN,ABDM_REGISTRY,True,2023-03-24,,1,False,,2.7,6.7,5,8,8,5,4.8,3.4,3.5,3.4,VERIFIED,2026-07-25,https://abdm.gov.in/strapicms/api/our-partners  (ABDM official partner registry API),
407,P3,IN-roojh-india-pvt,Roojh India Pvt Ltd,Roojh India Pvt Ltd,https://www.roojh.com/,Health Tech|PHR App,private,India,UNKNOWN,ABDM_REGISTRY,True,2023-11-29,2025-03-31,1,False,,2.7,6.7,5,8,8,5,4.8,3.4,3.5,3.4,VERIFIED,2026-07-25,https://abdm.gov.in/strapicms/api/our-partners  (ABDM official partner registry API),
408,P3,IN-sehatpro-technologies-private,SEHATPRO TECHNOLOGIES PRIVATE LIMITED,SEHATPRO TECHNOLOGIES PRIVATE LIMITED,https://clinicsoncloud.com/,Health Tech,private,India,UNKNOWN,ABDM_REGISTRY,True,2024-11-12,,1,False,,2.7,6.7,5,8,8,5,4.8,3.4,3.5,3.4,VERIFIED,2026-07-25,https://abdm.gov.in/strapicms/api/our-partners  (ABDM official partner registry API),
409,P3,IN-telehealth-innovations-foundation,Telehealth Innovations Foundation,Telehealth Innovations Foundation,https://www.telehealthinnovations.org/,Health Tech,private,India,UNKNOWN,ABDM_REGISTRY,True,2026-02-01,,1,False,,2.7,6.7,5,8,8,5,4.8,3.4,3.5,3.4,VERIFIED,2026-07-25,https://abdm.gov.in/strapicms/api/our-partners  (ABDM official partner registry API),
410,P3,IN-univlabs-technologies-pvt,UNIVLABS TECHNOLOGIES PVT LTD,UNIVLABS TECHNOLOGIES PVT LTD,https://univlabs.in,Health Tech,private,India,UNKNOWN,ABDM_REGISTRY,True,2025-11-28,,1,False,,2.7,6.7,5,8,8,5,4.8,3.4,3.5,3.4,VERIFIED,2026-07-25,https://abdm.gov.in/strapicms/api/our-partners  (ABDM official partner registry API),
411,P3,IN-verraton-health-private,Verraton Health Private Limited,Verraton Health Private Limited,https://verratonhealth.in/,Health Tech,private,India,UNKNOWN,ABDM_REGISTRY,True,2021-04-22,,1,False,,2.7,6.7,5,8,8,5,4.8,3.4,3.5,3.4,VERIFIED,2026-07-25,https://abdm.gov.in/strapicms/api/our-partners  (ABDM official partner registry API),
412,P3,IN-yorecare,Yorecare,Yorecare,https://yore.care/,Health Tech,private,India,UNKNOWN,ABDM_REGISTRY,True,2023-05-18,,1,False,,2.7,6.7,5,8,8,5,4.8,3.4,3.5,3.4,VERIFIED,2026-07-25,https://abdm.gov.in/strapicms/api/our-partners  (ABDM official partner registry API),
413,P3,IN-argusoft-medplat,argusoft MEDplat,argusoft MEDplat,https://www.argusoft.com/,Health Tech,private,India,UNKNOWN,ABDM_REGISTRY,True,2022-02-23,2024-12-26,1,True,,2.7,6.7,5,8,8,7,4.8,3.4,3.5,3.4,VERIFIED,2026-07-25,https://abdm.gov.in/strapicms/api/our-partners  (ABDM official partner registry API),
414,P3,IN-https-egov-org-in,https://egov.org.in/,https://egov.org.in/,https://egov.org.in/ ,Health Tech,government,India,UNKNOWN,ABDM_REGISTRY,True,2023-07-18,,1,False,,2.7,6.7,5,8,8,5,4.8,3.4,3.5,3.4,VERIFIED,2026-07-25,https://abdm.gov.in/strapicms/api/our-partners  (ABDM official partner registry API),
415,P3,IN-amogh-nsmp-tech-private,AMOGH NSMP TECH PRIVATE LIMITED,AMOGH NSMP TECH PRIVATE LIMITED,https://heydoc.co.in/,PHR App,private,India,UNKNOWN,ABDM_REGISTRY,True,2024-05-06,2025-05-14,1,True,,2.5,6.7,5,8,8,7,4.8,3.4,3.4,3.3,VERIFIED,2026-07-25,https://abdm.gov.in/strapicms/api/our-partners  (ABDM official partner registry API),
416,P3,IN-adhyanshi-enterprises,Adhyanshi Enterprises,Adhyanshi Enterprises,https://abhvault.com,Health Locker|PHR App,private,India,UNKNOWN,ABDM_REGISTRY,True,2024-05-06,2025-05-12,1,False,,2.5,6.7,5,8,8,5,4.8,3.4,3.4,3.3,VERIFIED,2026-07-25,https://abdm.gov.in/strapicms/api/our-partners  (ABDM official partner registry API),
417,P3,IN-ambula-technologies-pvt,Ambula Technologies Pvt Ltd,Ambula Technologies Pvt Ltd,https://ambula.app ,Health Locker|PHR App,private,India,UNKNOWN,ABDM_REGISTRY,True,2024-02-10,2024-09-30,1,False,,2.5,6.7,5,8,8,5,4.8,3.4,3.4,3.3,VERIFIED,2026-07-25,https://abdm.gov.in/strapicms/api/our-partners  (ABDM official partner registry API),
418,P3,IN-anahat-solutions-pvt,Anahat Solutions Pvt Ltd,Anahat Solutions Pvt Ltd,https://health-e.in/,PHR App,private,India,UNKNOWN,ABDM_REGISTRY,True,2023-12-06,2024-11-30,1,False,,2.5,6.7,5,8,8,5,4.8,3.4,3.4,3.3,VERIFIED,2026-07-25,https://abdm.gov.in/strapicms/api/our-partners  (ABDM official partner registry API),
419,P3,IN-arogya-setu,Arogya Setu,Arogya Setu,https://www.aarogyasetu.gov.in/,PHR App,government,India,UNKNOWN,ABDM_REGISTRY,True,2022-02-09,,1,False,,2.5,6.7,5,8,8,5,4.8,3.4,3.4,3.3,VERIFIED,2026-07-25,https://abdm.gov.in/strapicms/api/our-partners  (ABDM official partner registry API),
420,P3,IN-health-and-medical-education-department-j-k,"Health and Medical Education Department, J&K","Health and Medical Education Department, J&K",https://sehat.jk.gov.in/JK-SEHAT/,PHR App,private,India,UNKNOWN,ABDM_REGISTRY,True,2025-11-10,,1,False,,2.5,6.7,5,8,8,5,4.8,3.4,3.4,3.3,VERIFIED,2026-07-25,https://abdm.gov.in/strapicms/api/our-partners  (ABDM official partner registry API),
421,P3,IN-livo-aarogyaaadhar-private,Livo AarogyaAadhar Private Limited,Livo AarogyaAadhar Private Limited,https://www.aarogyaaadhar.com/,Health Locker|PHR App,private,India,UNKNOWN,ABDM_REGISTRY,True,2026-05-26,,1,False,,2.5,6.7,5,8,8,5,4.8,3.4,3.4,3.3,VERIFIED,2026-07-25,https://abdm.gov.in/strapicms/api/our-partners  (ABDM official partner registry API),
422,P3,IN-mrg-blockchain-solutions-pvt,MRG Blockchain Solutions Pvt. Ltd.,MRG Blockchain Solutions Pvt. Ltd.,https://mykaizen.io,PHR App,private,India,UNKNOWN,ABDM_REGISTRY,True,2026-01-19,,1,False,,2.5,6.7,5,8,8,5,4.8,3.4,3.4,3.3,VERIFIED,2026-07-25,https://abdm.gov.in/strapicms/api/our-partners  (ABDM official partner registry API),
423,P3,IN-panscience-ai-healthcare-private,PanScience AI Healthcare Private Limited,PanScience AI Healthcare Private Limited,https://www.parchaa.com,Health Locker|PHR App,private,India,UNKNOWN,ABDM_REGISTRY,True,2024-10-03,,1,False,,2.5,6.7,5,8,8,5,4.8,3.4,3.4,3.3,VERIFIED,2026-07-25,https://abdm.gov.in/strapicms/api/our-partners  (ABDM official partner registry API),
424,P3,IN-paytm,Paytm,Paytm,https://paytm.com/,Health Locker|PHR App,private,India,UNKNOWN,ABDM_REGISTRY,True,2021-12-14,2025-05-14,1,False,,2.5,6.7,5,8,8,5,4.8,3.4,3.4,3.3,VERIFIED,2026-07-25,https://abdm.gov.in/strapicms/api/our-partners  (ABDM official partner registry API),
425,P3,IN-plenome-technologies-private,Plenome Technologies Private Limited,Plenome Technologies Private Limited,https://plenome.com ,PHR App,private,India,UNKNOWN,ABDM_REGISTRY,True,2025-09-24,,1,False,,2.5,6.7,5,8,8,5,4.8,3.4,3.4,3.3,VERIFIED,2026-07-25,https://abdm.gov.in/strapicms/api/our-partners  (ABDM official partner registry API),
426,P3,IN-prudas-technologies-pvt,Prudas Technologies Pvt Ltd,Prudas Technologies Pvt Ltd,https://www.spiralshealth.com/,Health Locker|PHR App,private,India,UNKNOWN,ABDM_REGISTRY,True,2025-11-06,,1,False,,2.5,6.7,5,8,8,5,4.8,3.4,3.4,3.3,VERIFIED,2026-07-25,https://abdm.gov.in/strapicms/api/our-partners  (ABDM official partner registry API),
427,P3,IN-remote-healthcare-technologies-pvt,Remote Healthcare Technologies Pvt. Ltd.,Remote Healthcare Technologies Pvt. Ltd.,https://www.secondmedic.com/,Health Locker|PHR App,private,India,UNKNOWN,ABDM_REGISTRY,True,2025-11-29,,1,False,,2.5,6.7,5,8,8,5,4.8,3.4,3.4,3.3,VERIFIED,2026-07-25,https://abdm.gov.in/strapicms/api/our-partners  (ABDM official partner registry API),
428,P3,IN-remoteward-care-private,RemoteWard Care Private Limited,RemoteWard Care Private Limited,https://www.remoteward.com,PHR App,private,India,UNKNOWN,ABDM_REGISTRY,True,2025-11-13,,1,False,,2.5,6.7,5,8,8,5,4.8,3.4,3.4,3.3,VERIFIED,2026-07-25,https://abdm.gov.in/strapicms/api/our-partners  (ABDM official partner registry API),
429,P3,IN-healow-india-eclinicalworks,healow India (eClinicalWorks),healow India (eClinicalWorks),https://eclinicalworks.in/,Health Locker|PHR App,private,India,UNKNOWN,ABDM_REGISTRY,True,2024-09-11,,1,False,,2.5,6.7,5,8,8,5,4.8,3.4,3.4,3.3,VERIFIED,2026-07-25,https://abdm.gov.in/strapicms/api/our-partners  (ABDM official partner registry API),
430,P3,IN-appex-tech-innovations-pvt,Appex Tech Innovations Pvt Ltd,Appex Tech Innovations Pvt Ltd,https://myhealth.icaresecure.com/,Health Locker,private,India,UNKNOWN,ABDM_REGISTRY,True,2023-02-24,,1,False,,2.4,6.7,5,8,8,5,4.8,3.4,3.3,3.2,VERIFIED,2026-07-25,https://abdm.gov.in/strapicms/api/our-partners  (ABDM official partner registry API),
431,P3,IN-digilocker,DIGILOCKER,DIGILOCKER,https://www.digilocker.gov.in/,Health Locker,government,India,UNKNOWN,ABDM_REGISTRY,True,2021-12-26,,1,False,,2.4,6.7,5,8,8,5,4.8,3.4,3.3,3.2,VERIFIED,2026-07-25,https://abdm.gov.in/strapicms/api/our-partners  (ABDM official partner registry API),
432,P3,IN-driefcase,DRiefcase,DRiefcase,https://www.driefcase.doctor/,Health Locker,private,India,UNKNOWN,ABDM_REGISTRY,True,2021-11-07,2025-03-17,1,True,,2.4,6.7,5,8,8,7,4.8,3.4,3.3,3.2,VERIFIED,2026-07-25,https://abdm.gov.in/strapicms/api/our-partners  (ABDM official partner registry API),
433,P3,IN-docprime-technologies-private,DocPrime Technologies Private Limited,DocPrime Technologies Private Limited,https://www.docprime.com,Health Locker,private,India,UNKNOWN,ABDM_REGISTRY,True,2021-06-08,,1,False,,2.4,6.7,5,8,8,5,4.8,3.4,3.3,3.2,VERIFIED,2026-07-25,https://abdm.gov.in/strapicms/api/our-partners  (ABDM official partner registry API),
434,P3,IN-qure-ai,Qure.ai,Qure.ai,https://www.qure.ai,Imaging AI,private,India,MID,CURATED,False,,,0,False,,3.3,4.1,2,8,2,4,9.0,3,3.0,2.9,VERIFIED,2026-07-25,https://abdm.gov.in/our-partners,"ABDM-registered. Radiology AI (qXR, qER) deployed in Indian govt TB programmes and hospitals; integrates at PACS/DICOM layer."
435,P3,IN-birlamedisoft-quanta,Birlamedisoft Quanta,Birlamedisoft Pvt Ltd,https://www.birlamedisoft.com,HMIS,private,India,UNKNOWN,CURATED,False,,,0,False,,3.0,4.1,2,8,2,4,9.0,3,2.9,2.7,INFERRED,2026-07-25,https://www.birlamedisoft.com,"Pune-based legacy HIS vendor, long tail of small/mid Indian hospitals."
436,P3,IN-dedalus,Dedalus,Dedalus Group,https://www.dedalus.com,HMIS,private,Italy/Global,NICHE,CURATED,False,,,0,False,,3.0,4.1,2,8,2,4,9.0,3,2.9,2.7,VERIFIED,2026-07-25,https://www.newswire.com/news/black-book-unveils-q2-2025-global-ehr-market-update-14-regional-and-22572055,"40+ countries, 470,000+ hospital beds; explicitly noted as expanding in India (Black Book Q2 2025)."
437,P3,IN-docengage,DocEngage,DocEngage,https://www.docengage.in,HMIS,private,India,UNKNOWN,CURATED,False,,,0,False,,3.0,4.1,2,8,2,4,9.0,3,2.9,2.7,INFERRED,2026-07-25,https://www.docengage.in,"Cloud HIS/CRM, homecare + clinic chains."
438,P3,IN-lifetrenz,Lifetrenz,Lifetrenz Solutions,https://www.lifetrenz.com,HMIS,private,India,UNKNOWN,CURATED,False,,,0,False,,3.0,4.1,2,8,2,4,9.0,3,2.9,2.7,INFERRED,2026-07-25,https://www.lifetrenz.com,"Cloud care-delivery platform, clinic chains and hospitals."
439,P3,IN-medstar-his,Medstar HIS,Tashka Healthcare Pvt Ltd,https://www.medstarhis.com,HMIS,private,India,UNKNOWN,CURATED,False,,,0,False,,3.0,4.1,2,8,2,4,9.0,3,2.9,2.7,INFERRED,2026-07-25,https://www.linkcentre.com/in/health-medicine/software/hospital-management/,Bangalore HQ. Full HIS + MIS/analytics.
440,P3,IN-palash-hmis,Palash HMIS,Palash Healthcare Systems,https://www.palash.co.in,HMIS,private,India,UNKNOWN,CURATED,False,,,0,False,,3.0,4.1,2,8,2,4,9.0,3,2.9,2.7,INFERRED,2026-07-25,https://www.palash.co.in,"Indian HIS vendor, govt + private hospital projects."
441,P3,IN-meditech-expanse,MEDITECH Expanse,MEDITECH,https://ehr.meditech.com,EMR,private,USA/Global,NICHE,CURATED,False,,,0,False,,2.8,4.1,2,8,2,4,9.0,3,2.8,2.6,VERIFIED,2026-07-25,https://intuitionlabs.ai/articles/global-health-information-systems,"2,300+ facilities worldwide. Named in Indian directories as present but low direct India share."
442,P3,IN-centricity-pacs,Centricity PACS,GE HealthCare,https://www.gehealthcare.com,RIS/PACS,private,USA/Global,UNKNOWN,CURATED,False,,,0,False,,2.4,4.1,2,8,2,4,9.0,3,2.5,2.3,INFERRED,2026-07-25,https://wifitalents.com/best/ris-pacs-software/,"Enterprise PACS, common in Indian tertiary hospitals bundled with GE modalities."
443,P3,IN-dr-lal-pathlabs-lis,Dr Lal PathLabs LIS,Dr Lal PathLabs,https://www.lalpathlabs.com,LMIS,private,India,UNKNOWN,CURATED,False,,,0,False,,2.4,4.1,2,8,2,4,9.0,3,2.5,2.3,VERIFIED,2026-07-25,https://abdm.gov.in/our-partners,Listed in ABDM integrator table. Captive LIS of a national diagnostic chain.
444,P3,IN-intellispace-healthsuite-imaging,IntelliSpace / HealthSuite Imaging,Philips,https://www.philips.co.in/healthcare,RIS/PACS,private,NL/Global,UNKNOWN,CURATED,False,,,0,False,,2.4,4.1,2,8,2,4,9.0,3,2.5,2.3,INFERRED,2026-07-25,https://blog.medicai.io/en/cloud-pacs-vendors/,Cloud-enabled PACS; Philips has deep India modality install base.
445,P3,IN-synapse-enterprise-imaging,Synapse / Enterprise Imaging,Fujifilm Healthcare,https://healthcaresolutions-us.fujifilm.com,RIS/PACS,private,Japan/Global,UNKNOWN,CURATED,False,,,0,False,,2.4,4.1,2,8,2,4,9.0,3,2.5,2.3,INFERRED,2026-07-25,https://www.medsoftwares.com/news/medical-imaging-pacs-software-guide-2026,VNA-based enterprise PACS; installed in large Indian corporate hospital imaging depts.
446,P3,IN-syngo-via,syngo.via,Siemens Healthineers,https://www.siemens-healthineers.com/en-in,RIS/PACS,private,DE/Global,UNKNOWN,CURATED,False,,,0,False,,2.4,4.1,2,8,2,4,9.0,3,2.5,2.3,INFERRED,2026-07-25,https://wifitalents.com/best/ris-pacs-software/,Advanced visualisation/PACS bundled with Siemens modalities across Indian tertiary care.
447,P3,IN-5c-network,5C Network,5C Network,https://www.5cnetwork.com,Teleradiology/AI,private,India,UNKNOWN,CURATED,False,,,0,False,,1.7,4.1,2,8,2,4,9.0,3,2.2,1.9,INFERRED,2026-07-25,https://www.5cnetwork.com,Indian teleradiology reporting network + AI; connects to hospital PACS.
448,P3,IN-deeptek,DeepTek,DeepTek.ai,https://www.deeptek.ai,Imaging AI,private,India,UNKNOWN,CURATED,False,,,0,False,,1.7,4.1,2,8,2,4,9.0,3,2.2,1.9,VERIFIED,2026-07-25,https://abdm.gov.in/our-partners,"ABDM-registered. Radiology AI + workflow, Pune. Govt screening programmes."
449,P3,IN-synapsica,Synapsica,Synapsica Healthcare,https://synapsica.com,Imaging AI,private,India,UNKNOWN,CURATED,False,,,0,False,,1.7,4.1,2,8,2,4,9.0,3,2.2,1.9,INFERRED,2026-07-25,https://synapsica.com,"Spine/MSK radiology AI, integrates into PACS worklists."
